channelId,channelTitle
UCtinbF-Q-fVthA0qrFQTgXQ,CaseyNeistat
UCbms89jPL-VXHeeFfZfi7Ww,YouTube Music
UC-lHJZR3Gqxm24_Vd_AJ5Yw,PewDiePie
UCZJ7m7EnCNodqnu5SAtg8eQ,HolaSoyGerman.
UCHkj014U2CQ2Nv0UZeYpE_A,JustinBieberVEVO
UC2xskkQVFEpLcGFnNSLQY0A,RihannaVEVO
UCXazgXDIYyWH-yXLAkcrFxw,elrubiusOMG
UCY30JRSgfhYXA6i6xX1erWg,Smosh
UCbW18JZRgko_mOGm5er8Yzg,OneDirectionVEVO
UCANLZYMidaCbLQFWXBC95Jg,TaylorSwiftVEVO
UC-8Q-hLdECwQmaWNwXitYDw,KatyPerryVEVO
UC20vb-R_px4CguHzzBPhoyQ,EminemVEVO
UCV4xOVpbcV8SdueDCOxLXtQ,Fernanfloo
UCKqH_9mk1waLgBiL2vT5b9g,VanossGaming
UCSAUGyc_xA8uYzaIVG6MESQ,nigahiga
UCp0hYYBW6IMayGgR-WeoCvQ,TheEllenShow
UCYiGq8XF7YQD00x7wAd62Zg,JuegaGerman
UC44eGZ76AJLHAxPaJ_MW2RA,TheEngineeringFamily
UCtgpDqkeOToveUgh8igrvXQ,KidsTV123
UCeUYwh-WiIoG47ECQvQxKsA,TuTiTuTV
UCXhSCMRRPyxSoyLSPFxK7VA,MatthewSantoro
UCGi_crMdUZnrcsvkCa8pt-g,Alltime10s
UCB8p9XDpbCoX9slaPPP7sgw,KidsOnCloud
UCdC5JUgT2RxLyRAgrRm471w,MrFinlandsuomi
UCMMTsbfETvrSwwcvB7VE-iw,Cadillac
UC0PXqiud6dbwOAk8RvslgpQ,1320video
UCxvxIxnS9cjPyeebbiOd4lg,toyotajpchannel
UCZQRVHvPaV4DRn3tp8qrh7A,monsterchannel24
UC0lT9K8Wfuc1KPqm6YjRf1A,AcademeG
UC1TVad23aKn9UH8UXKvb29Q,Chris
UCIRgR4iANHI2taJdz8hjwLw,Shmee150
UCkccpgf5XpBBHpbDJhxyBBQ,GaiShiki
UCmSIwuk48zWJqpEOwn5fhVQ,BeautyTakenIn
UCsvazPPlhZlch0-Z3wPByeg,TeamFourStar
UCP-Ng5SXUEt0VE-TXqRdL6g,LEGO
UC3ZkCd7XtUREnjjt3cyY_gg,WorkpointOfficial
UCppHT7SZKKvar4Oc9J4oljQ,zeetv
UCelMeixAOTs2OQAAi9wU8-g,CookieSwirlC
UCj2HtBTppiQLVrZfEjcFxig,SevenSuperGirls
UC_aEa8K-EOJ3D6gOs7HcyNg,NoCopyrightSounds
UCFoe1tg8MuHjRzmqXtV816A,KanalD
UCc-2P5tCezbxegb7gxp6EXg,HobbyKidsTV
UCoy3dQzEdq1y2zMnT4pdj3Q,SriBalajiMovies
UCHE7BxxTUp2n4ta3DwjJHxQ,Ted Barnett
UC5nc_ZtjKW1htCVZVRxlQAQ,MrSuicideSheep
UCDnEa2HC2eeT-cN3pAKnNTw,MusicTalentNow
UCHa-hWHrTt4hqh-WiHry3Lw,EvanTubeHD
UCkK0XNKXOvFkH66AS6jrCCg,ToyScouter
UC3gNmTGu-TTbFPpfSs5kNkg,Movieclips
UC4JdVtr-xBm8xLQZujxgh1w,disneycars
UCwvIvM4K3TsypOiuAb5vaEA,pocoyo
UCsluIbpgt14y6KUcwqCxXbg,MCVMedia
UCKgFtx79Z1R61PQSB_XDUfA,SonyPicturesRU
UC_i8X3p8oZNaik8X513Zn1Q,FilmsActu
UC6Raldd8iIExwu5BNS_hzvw,UniversalSpain
UC5A-Wp9ujcr5g9sYagAafEA,TVSmeshariki
UCfEcBFEBd8DutdOo8NXpj_w,CoccoleSonore
UCdID7mchW0tAbYgsmLQSjkA,rusplaying
UCxJDH_2HXzwUtT62HgWJqCg,SPInkafilmstudio
UCQXr3evmYzQZ435UUxEWeKg,KerekMese
UCpGdL9Sn3Q5YWUH2DVUW1Ug,PopularMMOs
UCxubOASK0482qC5psq89MsQ,markiplier
UCYzPXprvl5Y-Sf0g4vX-m6g,jacksepticeye
UCC-RHF_77zQdKcA75hr5oTQ,FGTeeV
UCbTVTephX30ZhQF5zwFppBg,rezendeevil
UCam8T03EOFBsNdR0thrFHdQ,VEGETTA777
UCrGnb5RdHA9M6WGmBGYo4ZQ,AM3NlC
UCGIY_O-8vW4rfX98KlMkvRg,Nintendo
UCke6I9N4KfC968-yRcd5YRg,SSundee
UChJCmHO7pE8uNvUY8WjYETg,AlishaMarie
UCkvK_5omS-42Ovgah8KRKtg,jeffreestar
UC_GvMVffgctSISDkeWlKhXQ,dope2111
UCBMxQPhfM6nkhQ8vPfQhkCg,ThreadBanger
UCN1hnUccO4FD5WfM7ithXaw,Maroon5VEVO
UCaHNFIob5Ixv74f5on3lvIw,CalvinHarrisVEVO
UCgwv23FVv3lqh567yagXfNg,DisneyMusicVEVO
UC9zX2xZIJ4cnwRsgBpHGvMg,beyonceVEVO
UCMJ5Qf3sOvQpcYiai1Noa3Q,majorlazer
UCbTLwN10NoCU4WDzLf1JMOA,YRF
UCTNtRdBAiZtHP9w7JinzfUg,SonyMusicSouthVEVO
UCttspZesZIDEwwpVIgoZtWQ,IndiaTV
UCupvZG-5ko_eiXAupbDfxWw,CNN
UChLyPHlJ83Qt0-Pau1Cf5tQ,VOX
UCZFMm1mMw0F81Z37aaEzTUA,NDTV
UCf8w5m0YsRa8MHQ5bwSGmbw,asianetnews
UC3y0FN2SkZBdYNzENe3vpxQ,chogabjae2
UCpwvZwUam-URkxB7g4USKpg,RT
UC_vt34wimdCzdkrzVejwX9g,geonews
UCfXlL8avQjg74WbRyksr9bQ,Medi1TV
UCLiK08tsWKL5bNoz1f8sHsw,MediaVOP
UC_XUfCKZttYLvBD6btkp8SQ,Zac2Uchiha
UCiwulqTocNViTa7qET7nwdA,rakamakafo
UCM4aBRnEiNCf9fQFl2qx2Bg,Sberbank
UCvRH4-D8PEk2zdyprlWKs-g,McDonaldsRussia
UCaDpCyQiDfjLJ5jTmzZz7ZA,Hayalhanem
UCGJLJ7p4jWNwWDY4j9OY8QA,NEMAGIA
UCMHV2k5FRC7ig8yaIcXNETA,777Worship
UC3z9rRoiie3RXzhUxv1Bdqw,planetshakerstv
UCBYoReK1vXF7WMbgT4KVgmQ,ademe
UCAv2OIwcUJK-IPiTuBHLKew,MrHKM
UCpko_-a4wgz2u_DgDgd9fqA,BuzzFeedVideo
UCay_OLhWtf9iklq8zg_or0g,BuzzFeedYellow
UC-SV8-bUJfXjrRMnp7F8Wzw,RomanAtwoodVlogs
UCUuU7X-e2ZRNOoBG3Cy8txw,EvanTubeRAW
UCPOw2O3_uZ1doro9iR4x6vw,mmoshaya
UCV9_KinVpV-snHe3C3n1hvA,shane
UCBUVGPsJzc1U8SECMgBaMFw,BuzzFeedBlue
UCnrO0wqhKpMYUt_wSeaIasw,Bratayley
UCFtEEv80fQVKkD4h1PF-Xqw,Microsoft
UCK8sQmJBp8GCxrOtXWBpyEA,Google
UCkLXELm63_pH7L-r-548kig,amazon
UCe_vXdMrHHseZ_esYUskSBw,CrazyRussianHacker
UCRLOjeT82M_8CyLj0BqvRaQ,Shell
UCftwRNsjfRo08xYE31tkiyw,WIRED
UCpT9kL2Eba91BB9CK6wJ4Pg,TechSmartt
UCQlGBspQdj17WOPBQMT1k9A,expertvillage
UCC552Sd-3nyi_tk2BudLUzA,AsapSCIENCE
UCDF1rHyRH8LcxbHX5_mrZ0w,Verizon
UC2Oxk5J24C1gYhDWpRDNPlw,wwe
UCWJ2lWNubArHWmf3FIHbfcQ,NBA
UCDVYQ4Zhbm3S2dlz7P1GBDg,NFL
UCFXqaE8oGOhr6CwcIJmV--w,TopPassion
UCBdHwFIE4AJWSa3Wxdu7bAQ,fliptopbattles
UCkCnjfFgbcFwiY5StOdsSMA,MakeMyTripOfficial
UCwznTWIqJj4QabmxMMuZk8w,trivago
UCeZkIyd2bbZZS7bTfAqdawA,discovery110
UCixvwLpO_pk4uVOkkkqP3Mw,WildFilmsIndia
UCu5bpjXTZzRIu1IgwhZNjag,Discover
UC2NzJuX6FTyOhoBrFj9Ms1Q,TheRailzone
UCwPJqbkxliz6pqwWMl__8MA,Emma Rose
UCAl7_nFPqwaIRZ1DOCbKMUg,Alex vlogar
UCsm3TjwGHUQC1w-yCsUf4Wg,TheFockerizer
UCx0NCbJEgtmzbBO8DIPT-4w,Ben G
UCNCmceVD16G2WmbAYfkMM7w,Christy R
UC-cFE_TLkISXCoXxEfhpXZg,Martin Rothuis
UCJOt9FJRFEIVvrRKki7Jf8w,noval25xc
UCDm9sDHaHB60CjQxaLob9Cw,Albrix
UCNjElg0yYIUqPd7bklJljlw,okehjaha
UCVSetf_RfVq_9cvRnBE4Psg,Aaron Kelly
UCiFp81-mRuAhimb6_9PdsFQ,Chase's Channel
UC-Bcg8RuzThB6tMivGtbfxw,Jim Rounds
UCRB0KgeDiH6G3SEmlYxL3KQ,Bap Squad Skate Co.
UCMQnPKNvfc9GSJ535kvYMUA,iAlexKelly
UCG5CI7NWWX2X67Am9__S2qQ,SK
UCGjWP-tmfiOcH78XTTw35SA,KingAwesome2345
UCM-e7trR7rcDrhMx7bcupww,Dragonfyre
UCkPFW22ygy9gYxw7o4e5atQ,Gabriel Marks
UCB52GGA7aAWuID7KRxCBkOA,Mark Steele
UCWhwluN8jljgWbvDZToJvYw,Edwin He
UCVvA2m2SwN3U7QWTx6CrIyw,Thomas Ferrari
UCkjMGqX72K2UshPu0ACErMg,ScottieProductions
UC0eF-v8kzyqrDHykwqV9oZQ,Luke Malcomson
UCdGxmU7nUkcl5aygMWhwaag,RichiesAdventures
UCsO0Mpqppfe2AvaF-ACJwsA,Dave V.H.
UCqAoVyc65FPJSdQ81cnETig,Daniel Willen
UCWtagCjInTxSnFKKrS69jkA,RicoHD Gamer
UCLXiGg4jiadYH-dzIqkH2Xw,Ammon Cluff
UCx42slK5aDS7vCjFwRI2c1g,Samsepticknee 10
UCjbNKgggZLvRJKvUHx4jJhg,sidthekid
UCT3nZAUjHaJr4kAF_7nhIFw,allieblades
UCh45I-9dyJenF5rU1UfEpGw,JJ GARCIA
UC3zAFS8EGDzxxSYjet0l0pw,Filipe Correia
UCXlvg8nZh6wFLoiXwgd5zFw,DKG Entertainment
UCHBCsH6K44h3m1QVK1dEkEg,Ellie's Random Vids
UCumxPSAtw9Kln2xyNK063Zg,Chapie2016 Chapie2016
UCLWDO7YffNYNcY4h8ho3fEQ,C. Chan
UCWwzDQvgRzOfthFFkPrIEUw,Allan Fox
UCSiKicG3AELgtQ9kR5xmB6Q,Awesome yeah Wait what
UCaZ4g_kY1bAR10octCt8lZw,Johnny bourke
UCTd1r6Zbt0lVw53tNPPeseg,Viper Vanoss
UCJ0mDhLznG9JZTQUPP1oENw,dragonbreath
UCfnC10UchEzwaa0SvZIr5Ig,Abnormal Cuber 11
UCLz1CSmQneny7_0QTbqgyIQ,jacob banner
UCjIhzLTLg6I70JRfYxhljCw,Arch Stanton
UCbQDcIabLGHLyqF_apu0iIQ,Alex
UCO0E_09fqmGi1U0tj0_7rGQ,anonymous 123
UCWPkiewEGa2vtNeT1nz2RMg,Caleb Dueck
UCkhlSSbF2mG6_JueRq1WWLg,ridebyben
UCtOR1BteWRY4dhZAyObwcQw,Jimmy Gunawan
UCuEeZaHW8KGNKF6ZHCFUh6g,jacob gardner
UCG8FhvGzYeBQh15xFJ5dpYg,Joshs Vision
UCDHNlysaVbqcNyWq5wEoRNg,Gabriel Felix Muñoz
UCTvU6O9T-QDZ-ZttlfPbFfQ,I couldn't think of a cool username
UCVH3PWYmtvCK5yeeIJssgSQ,James Johanson
UC0ubgZ-HJqfSBuu3KeTfw0Q,Danksaurus rex the third of Atlanta
UCaPe613GMwTA_AoITQ9qPyw,Adam Linnebur
UCA7CtWm6sH5bEs0ywL4SSZA,Napalm Porter
UCFpMvnLphTnLE2q5xQazp9A,Opportunity Films
UCQXGlmkOiVF3xCKZRf46pOw,johntbd
UCseiQjW-Iof1BdXrt7u6fBQ,Yaani Mani
UCXe0rcgACNVSn7dzq1Hch0w,paneet punia
UCBk2wWiUaX_YgXw0lsmVNug,Simon Stewart
UCA0Mv7aGFi4VOmGPZRmhI8g,Sexy Asian Gaming
UC47_RFn0OUstXO6AVR-8aNg,Ron Curtis
UCRT9RsF2mLBpDVwPXE9sLvg,Mark Busher
UCRlL82lSMf8kzOXkGMTyr-w,Ignacio Valdivia
UCB0eLtrgzDmjj_DGUfvtbaQ,Austin Telford
UClFl_Z9oY55uOYlqs1326NA,VoiD Panda
UCNqQppHtg8sGjDYyrV4FK4A,NerdySebas
UCSN-5kzWgQgcsmX3I-1fCeA,Mercer World Travels
UCfuOenaQTUNqkhm3vQwuOWg,Running Guru
UCc-tHUYSDP5D6w23xLYT21A,yarisTSk04spec3ringtool
UCKovc8Gqc8tkDSndoA54tBw,Lono Gonzo
UCUMz49c-l4dP-RSLoq1AejA,makela w
UC-r1VfmjLspAGthyRaLX_FA,Matthew Mays
UCxgfvwZhBMvPeRTqaizeE3A,TitanSilver354
UCZ_b5kjp2GRtJ03O9XyqnSg,La Vida Adventures
UCg2MjLetsZCGe8Hhh5M81EQ,Dillon Sparks
UCmUUr08bx5U3Wwt2V3k2G0g,Tayloe
UCFJqoVU7-8mvMg4nV_cptrg,KeepingUpWithKarmen
UCHhGx2rsyA7tCSUdSPSkIOw,hritik singh Singh
UCEl_3AAj2pA-GvkxTS7-mxg,Streamin Freedom
UC5ynXR9yLGZDeOd0QyqjMWA,Krzysztof Hepner
UCgNxEVM8uvqGfieUB3YSuTQ,Juraj Jarábek
UC0hUzOxel8419AJIf31I4BQ,Simon Godart
UCM6ZVxj9FzuaQHCBb7XPGeg,Sir Richard
UCB2g00RDVRRoLUuIEtsmAFg,Alejandro Beltran
UCa9Uwc8Evctb5BdzXe9QJLw,Birute Ka
UCU9VlV88OZu0HbdcoCYdNUw,shpluk
UCmy3NmdcqGpH9Xo5IKpXc1g,Search360
UCxPUKsjGi5zbvbUMffGAjPg,apple646
UCVvFaoEpDtsqH6QpgfDx9aA,Free MB
UCzlAHPq1jo6YFxSmvIV9PGw,Bernie Haberberger
UC-mAW5cFaQ_n1wKU3Cpj62w,ELIAM
UCxf98DOmtf5WDbCgdyStDPQ,Yankee
UCWemi6oulGFtd9hMtwajfkQ,Man Woman
UCtjEo9YJyDrMP6tYN3SMujw,Vitaly Razygrsev
UCM-bUBl0KTMQ1cuj5RkO16A,ChrishyChrish
UCl8sdTS5L8DJIV7jOnGM7bw,Drone Life
UC5WYrcERcwWcMcoSRdJ0R7w,Vika & Alex
UC_okoO5UqQbHTV-XM1iGCBQ,Mike Batt
UCKjnkWCFq6fBpqVLAQvz4LQ,leumar Estoconing
UCXiq2roQt-vemf4Cm7SW_Pg,BV R
UCV-fdffzPJSc4dqDxRe2_lQ,coyote wiley
UCujLep0FmpYMqFtpSk0MmAA,Tylor B.
UCVw3sAYnwzQlFxg7L6_XluA,FRENCH TÉ
UCVbg1YVdCXcxLFx8JdY4DwQ,AS-IS
UCM5PLO6EDOPRcROUnv4XkhA,Eric Rusch Sr
UCUIGutVWCg1Kd7EPH6U8oBQ,Jeje The Human
UCgbP7kThOdoYUdz9yTt_nqQ,Milena Bozek
UCGQas_-0vOETYWt_TglGFOA,Aneh Njoh
UCO6z631JCufPAZcM6hzPqrw,NicKKmars
UC4v5jD50tsCcsXKapw7zUIw,k8jackson
UClyZ7-QEWYfhbm-m1ob3W0w,Tomás Augusto Figueredo Oria
UCRxZRHRkFm9Ws8Ct8bV0Dww,Nadia Piatek
UCUmfRsn4eHbPWAzhgoe8WXA,Infinite Posum
UCjz-g5Px4-5tSFDTH6pGcdA,GlitchezzzHD
UC_I44V1D4s6r_MHWJSAwKgw,Nitro
UCjXTrUxT7hHMyQrEdTdDugw,Emma msp
UCprH6J1qjr9b35Vm61mMffA,Ethan VanRoekel
UCPMKHaSo5cHKkSEg0PjcTXQ,Meera Gohel
UCz2bturvSk-SD-IavjP_yQg,LunisEditz
UCh6KyBhubGcQAZJUKRPOBSg,catestuff
UC1VH2X51y2N4aNndqBq3yZQ,Umang Agarwal
UCrLLn4JsO-WDRh-RNe65vng,Leano241
UCLve6cRIJgsgUCHCU6rCHog,Bob Hernry
UCVpFSpv3QzBWP980I61764w,bmw575
UCqfnQcjv3BpyoLFz2czOYaw,papa americano
UC7JLko80IHBVl8sJaSF_HYw,Anonymous Mouse
UCxAeroLZybLjgEWjtVrFPRA,Debashree De
UCzQ1tZHiGQK_aG4BmTbzFPA,PeccoPvP ツ
UC33ETsztm7TRl7U547q8mIw,Pan TV 판
UCc9Zx8-DgPpF7oPk9Obi-tQ,Samarth Ojha
UCGmyd_Ri9t8ZoXCrg-kvt1Q,Thabang Sithebe
UCmNxmUWYI92fMVCr8CqSdxQ,Patricio Moya
UCP9bxj-KY3JMstvZtRULqsw,Ryan Al
UCMeaVRx1qnlYnqIWxzzNHDg,Josh Owens
UCxqMtJtH6VJld8inZiovnig,Makaiah Breeze
UCuBPCbE6mH4fKKnKsrkZhvQ,Robin Hood
UCqs4zCWHRLhLfWFZN_W2d7A,KevinLikesBananas
UCkI9rA0-pqpRZGB4BHs1w0A,Jose Castro
UCQQ-c7jEoPZV8k3JQIUHvbg,Jordan Limon
UCZ1F_fCApo4N9BuS-zjBBSA,Leroy Barlow
UCIbUwAcRpI8ux8_mZxEAMRw,Farzana Afroz
UCS1aaPdUnQiDy6yZRUbPIOQ,Austin Davis
UCBkdc6EgkIg59wuzf-op4eA,Nazmul Hossain
UC7obfl2CdPAQuZDkPb_qPIQ,Jaden31992
UCRYudWU4IeS2tBqsHCEk3bA,Gijs van Dijk
UCetyu8Sc76DalwDnc5FCkbA,CookPiggy
UC_j1KrjBavXL92lfHakztmQ,Dante Yo
UCPsB5e7PjSTyepBUmQNUTpg,RmB9104
UC8tT0RmmIz4Tew_ahpEC79g,RL Racing garage
UCSoIuJqs1VV6S7SJdIvd0yQ,MaddenManification
UCDbAtCfzzyE-Jg30p7oEo1Q,DarthSmartt
UCjzM32ML3E6eLZvq-TYHVjg,MaxBallard
UCchiAdIiVd1plEOr4hwLBAA,Dustin Newton
UCs2lf-eLsTMgeZKkE3gLcNg,Lyron Aguiar
UC_lUFN2uwV7Jf7bBHvz-XxQ,Andy G
UCMSdLSBPxykkFYFlAXBz5jA,Sam Soldi
UCsXR9a_-zhf9F4_yEPGh31Q,Aaron Kurtzman
UCqBgE6ekpmnxhpEMQ7hs5PQ,POPOFF
UC8Ofp4Ic6260-S0Qaca0kqg,Meghal Bhansali
UCM9fEi41ZCl3WStAsDFg4kg,Peter Alakija
UCr6PD-MXYoHepKWKRTJEEBg,Ricky Tang
UC4D6FpXFSPTZ1yTHWwp2Q4Q,Zachary Hughes
UC0-et6QPA4Eb8VlpbZG9C-w,HeyItzSolana_
UC8Bfz6izYYUp0mLUjvzpMgA,GrumpyPooPony
UCsG07XcJBYCaouG9QghWDDA,Rob Landauer
UCrjUgWkFoRvHw6p2GERfdkw,hari krishna
UC4t1UbmZ0HcGJmsYTnuU43Q,Big Time Geek
UCag5DdwSbSaK3yfjZTG9aYQ,Gönndalf MC
UC_Lr45KfwoiEkRLcQCDYrJA,◢DoAndroidzDream◤
UCChs0RjAGAXZNfoAP-EE0iw,Ashton Williams
UCJm0V4CiRzVFpeojZgHAx1Q,MaxBeast4Z
UC7kS7T8HCIfbnzNsDCBYKOA,BMX Master
UCkNdrLkiWNaiSi4p3OYFoBQ,Jake Lim
UCFvLRQ_B8OnxyCTKyRlxxJQ,Hari Krishnan
UCBPbGbFlsnxKiGXU7vuTl1Q,Omega Scarlet
UCWmjfv3UTjA4Mz1bD_atOQg,Josh Spear
UCZnZIHiBBZaMw9ezZV4Jlig,Linda Malonis
UCGbUrROr_lZBklIxlQq0xlg,Donny Kiles
UCUO-2PT9Fet3HlFSUAHY4_Q,Konst Saalfeld
UCYWXkxTMb8IegvcVPHZjZog,FrancesBaconandEggs
UCFmG17IYUmzaaaH-uFnR8dQ,Bravo Kilo
UC3zoLlnnSuKK3M1E_W4Al1A,JTKIL12
UC2e8zRRmIO8ofN7pjZHzMvQ,Rasperger
UCJk0JseXsB0BoRFMUGu_g-Q,John Juanda
UCT03P4qEL3V7NYg4xfhrGOQ,Paula Torres Cuarental
UC2-4pfJDIMqD5QQed6R5iAg,Fluffbutt
UC7YItrow6K9iULUHTQ-ZI1Q,Ellie F
UCBEKWEm-7z-zSU4B8nyjhvQ,richard Cervantes
UCB1Mlo2r9XAnTG5TKD7MhzA,Bigbadbo121
UC6tRfHYrsguiwQ8x5mFWNWQ,Brianna de Bae
UCHm6QRMjMPqXJdbLBDCBY7Q,Stefan Brisebois
UCS2yeQtHRZUpnwsq-glZNzQ,Michael Flack
UCg9E0MrwCwqgNzVj-GuDPZQ,Morph Ball
UCrLURF2BKvHzJgb2x3uG_cg,Niyati Shah
UCHw6Kx-X2OCVuX5-Kds1LEw,Ziga Pavlic
UC1Fe5RfMS0OGmHsz_ReHm1Q,TheOnlyReverse
UC-5GjIbeJJ_PQsPSyeNP2vg,shadowdemon1375
UC1NYykSSbfsoXe4jrDOJ1tQ,Ivone de Figueiredo
UCnXv_Ep15f8zJZiqBW1n0uQ,Ghkjdf Hbjhffh
UCyV0qccmlK9jlgZnJ2L7UeA,Lizabeth Hampton
UCnKTEc83gHsaIBdZB319gpA,Kyle Lockwood
UCG-ux4WRLEAuOH0xPmvP96Q,Fiona Wong
UCdrcB-Q7SGDmi5CTEX0Jh8w,ZALGO
UCueHbBOwwEjg96ZBUS-yy8w,Yoru Foxy
UCUf0oMWuowmh7ra1atd3B1A,Aditya mishra
UCA6oPh8Hcw4JN0Bc5l46Q0A,Primordial Pete
UCIfyiyNyXAJrnqWphYSOjiQ,Don't Know
UCljTDbZbunYqZBn5srVx8Sw,Jacob Murphy
UCsawFU-lceG5f24uCuv543A,Harrison Rutledge
UCz5b3HCY2-Td6fP3VnjBx8Q,Christopher Cooper
UCd4fl1jt67JMGhxeJ89XWjQ,Marta Schmidt
UCpmdQ2k4vl_1ceUkXDTH7Uw,King Queen
UCS3UnrXbnhwRW0M9LwLryYg,I Only Watch Anime Ironically
UCbJty39iOiBRkSAIo25uGwg,Shogunate Tom
UCkCAeT3wjWhOc3scraZvjeA,David Treves
UC1Jhp7QHS_7v2w01FKPf-_Q,MrElPoderozo1
UCNq4RYU5QO1Hl1DL5AiC9Vg,Jorge Oceguera
UC93AhGOFAUB6zIWW4himFuA,Topher Hilberg
UCRzpaAlKTJkzHVLs9pzVipg,Ranel Gallardo
UCKQupYY6HSXHU80a0e11tbA,Niobesnuppa
UCOJx9FrM6pVJSgUteYdL31A,Devil's Advocate
UCUyaP8zIny0xOQysPRoEThw,romulor3
UClLdJ-bq2Vj8fN0XYjo-Iow,"Mlg YoloSwag Lvl 69,420"
UCqx3VS6xHUWnsrIlBKTChgw,Kimberly Miller
UC8Bqll0eJnZ75cZb9BBKorg,The Fan Without a Face
UCya6Gbisw2yLs0fENj4yaaA,Ameri Wryter
UCxoLw8bC_wnkVlDHA9Az7nQ,Atal Raj
UCMlTH5SloBFtic6lECmIZRg,Carl Grimes's Eyepatch
UC4wFQE_bz3Fy7qdFiZe1DSg,Rose Mulet
UCt820J_2mLyDS5Zzo-Dg0hw,Republic of Ravenswood
UCbEnEqbwLAeIIW0DM1ZuCFg,matt kramer
UCwmALP2Z3kzlYi8gfiBE9gw,Philip IV of France
UCxtEnHZFzc2arHoR5phxd8A,Jakesully552
UCWtT_qIABppTf18A_bCr8_w,Fall Out Josie
UCSGfr-fiB_S1xekYJnSkpFg,Kyke Dudley
UClHUEaeUEnsDVL5Hh8yrprQ,Jeff Mousseau II
UCcCcXGDefnL8SNV_m_vuABw,Frost
UCVklFPyV-UJxmv3ZsB7GY6w,Piat Piat
UCmhb_TL_rdnUEYS9wEB_eSw,Rafael Sierra
UCi_Q0jOpaOqgLBBUrqTuaGw,Andrés Falcone
UCR-GWs8LfRVKvPu5UBU-sDg,The Mastermage
UCLqW-c1kpw8n-wDm4RRs-wg,Carl Sagan
UCx4GgWgOlY7lDcjygzVOdtg,MrRockingHippie
UCnG01-Y1-u_zlajbY9AiXIw,attackmaster555
UCDGUbNC-p-nGd69-9fbOp_A,buggs bunny
UClSeAbFkFUBtL-CzAaIODhQ,Findyification
UCXyzAgwFYviP-tWvVN40x2Q,Dark Claw
UCnetVLp9DgXu1eQLhPftkkg,A.M.
UCoHnbun2aRNF5H0-f9rWl9w,Gamer Wardog
UCJhdB7ySf50bQmQ_9Xz4bDw,Punkarama
UCcJG9L5AiCLZ075G5YV1Jiw,Colin Brame
UCfb8bhnGgGmKq_qx3Pc3-PA,costa angelis
UCE6odFDgaVz8sHjNJnDdQmA,Lloyd Canfield
UCF0rqtGbQNFS6G6Grg_DBAA,nailsnailsgoodinbed
UCWyaTkrXzoTIIfEi2mQT5bg,DLZ2000
UCH9bCtP1waV_-M435q8UDIw,Joanna Swan
UCZlHJr7BVJQUEpjfwg5es4A,Clayton McKinney
UC-X0RC0pVKK3UdEd3bYVp0Q,Shadow Watcher
UC6X-_TbbOPBF_Z8GP4Y2YKw,Gyrono
UChttFSiUrrMu-Dl4o3PtQLQ,Namaste Rising
UC25jBtQ93YrOg74eP8wnJlg,Eduardo Mora
UCIwf7s8lRpQR4GHWAE8mdNA,Nielsen Grau
UCAPQ6NRKbHfTDsebjT68gYA,Popular YouTuber !
UCJvSbNZFuizDCGldqaHOHug,Josue Cora
UCoHJ_Jdg1J8sCy10CBNXtSA,Judith Kelly
UCRzPhLJvcb0YaAmsNxnBwFA,Nils Petras
UCyPrjq4XVY4-HyTDdjUL__w,Explotion
UCsHH8eDU4Eba3bYCApMvQ2w,James Thacker
UCe3N_AOWgBbV_BYAcLwAHZA,cayla 880
UCJPI2yFilAWxrHOio8VnvfQ,Zach Spears
UCnryFA4IXsA4QX_XmeovKog,Michelle Bateson
UCSk2v7XDwSKjw1JV1gYvPFQ,Ricardo Corchado
UCR7O1MQoRq8j8AYY5JURUyw,TheUniverseKiss
UCA1ckQBMHumLdCofGwa2mzQ,Evanito
UCPM0igIAIVpNw6EpVe64TNg,DC9848
UCS7XYsQzneB-KYUjRqJzkeg,Ayesha Ashe
UCCCqt_3pLwNPr-viouLVIfA,Anthony Lourenco
UCBEPuYwBGhS65z8F7HMG-6w,行田盛人
UC4DOdndNMAVl-xryfHcKquA,riley williamson
UCseUSgnVj4m3zBhIFM72ZIA,nikolaos katsios
UClM8fJgpHiL8UUsyRtFr1Zw,min suga
UCfa2LpP8aZUS8Zk5Xrr8CYQ,Nathan Long
UCnhXx3c1FGzs7HNR0PdZeHQ,Daan Shen
UCr3fS5eEHI1XBg4yhMZnJLA,mason seymour
UCth5DRG_pzbbH14RIWAVEiQ,Chelsea Mendes
UC91VUvg_KukdC0XSeZXdLkw,Lenita A
UCDhW2LALfjr1DW6x70OFCVg,GeniusIncarnate0
UCRAjrLdVU_fXdBBhpfJzUVg,Carmen Silva
UC78zY7ANhXbqcS1P0TcdoLQ,CMDR Callzter
UCmHijjnJM8yYs_Y8itVEz-w,aiopqwe
UCWHVWuJZCsjPCZY8lECKBqg,Stop Harassment
UClZF6BuNl_1IaFybO69Wyqw,Pouncey
UC1qOEUcFUdjnV9fdRbn84LA,Joelle Hale
UCJleHfDSw9uqZb6MFBkE80Q,Uni Versal
UCFw793thot_M9DFq77I_TOA,Hayati Haya
UCq6rJRxm9WFRYd2I5C_OWNQ,Emilio Reyes
UCEwB6HTocQBVMnPsVWsAWBQ,parker thompson
UCnrCOz0-FqvY1VQ6BTauOqA,merchantfan
UCk3CMN_P9FIyiBFnKVhl8hQ,Abhishek Tripathi
UCsmcmiCUtUTyE1T3kK6_Jzg,isaiah veirs
UC5u4ZHMXWwD-NxVlgwBm_pw,rutger5000
UCqJYbjLQhKiOL0GS--Urv5Q,Noblesse Obligee
UCeT8GG8Whzt5vbMZSzbYE7A,26Pixels
UCgXSYqQh2djrPQOfPqqsTQg,JCarAlvi
UCQdTLkqaPiqMIsywboiNe9A,killer nick
UCWxm6A_84hgLI68BPB5dcBw,Jonathon Dunn
UC_77-5EyE-uAJ49QMhdEY6Q,Antoine Amour
UCjZ5EPJr9EdGxd4SbZV7Ivw,aron peterseim
UCUdBUOSWo_C0vlR9lxkCcKg,KYYC edits
UClvFlWDGUb-uWyhjQPdK6PA,KillerAsh
UCyJ32oqX23R3qn3xaIqbRsg,jason triplett
UCg_tLXUtoFioszmAyQs1gKg,NAVROHI SINGH
UCN14oGgmiREaj_NQVwHxZyg,Mason Selsing
UCS8IcR72ABf7yGIxMr2XR9A,Samuel Sepfarman
UC_NCTJinXuDTkBJ8TBMyFbg,Karthik Ravichandran
UCGDGsOgrQVMzNIZzsUrqTTQ,Rabbit Snare
UC-HNhFFoqFmRWE-h3dtD4QQ,LP Forever
UCFqwMiYQkbonFi5CEJVg0Fg,Stinky Potatoes
UCg6zJurUl2-eBiFbEvKnUEA,Me Lawson
UCd0cHjpRYrQO_2Jrl9d6hPg,Nora Quinn
UCv9xYDIsEQG18F-zfSSVJNg,Molly Paananen
UCJWm0w3aqImknK2DTL20jIg,Sean Hamilton
UCcbXlMhj6MvDJZXO5-EcWIg,Drecon84
UCZSElFi1zWG-8p7z5MS4fcg,Adventurer Cryptid
UCoReEWLQfmtWRt9SDQzw67A,sakoyereh
UCy-pG7_XOmbA8LAxKyo9aTg,Willow
UC0qrPgeOS80Cp3BR8sC-UJQ,عمر حديد
UCBoP1ghLhjK-dppa-I33tPw,Sunny Dreamt
UCMT3UOQzPiCKqCReWR8owgA,EverythingIC
UCyngH6Vf2gT0JqImVkG6WVQ,Jimmeh Box
UCp97Qk5jDrW1ptIVcFTy9cw,Alonzo Aldaba
UCim1l11kLFWFi0-_3vW3CCg,Jasmine la
UCshGKwEHm5TWnw3gXbJUhYg,Lauren Paynelinson
UCecsg_4TIgQo_-CB49IAJnw,talitakoomi
UC4Kk4bjVAKDYXIuQIIP2GvA,rogermwilcox
UC3poSsTBTLoi9wQ3STAguYw,Mi・ミシェル・미셸 D.
UCo_0ZQmC5NQCMbn0gLxb7uw,JFree Enterprise
UCHgZMFR1mhEd7l9OGg3ddng,Guy
UCmbd6vqAY7vWdHZAUCWYRRQ,TheZombieoutbreak
UCsPYm5hkSIzPWlDXcbeuYXg,Daniel Gonzalez
UCijFpGr-0Wwq1X95KY3XS7g,Harun Nair
UClNk99onJrXg1BPfpK3vC_A,Peridot DHMIS Cipher Saitama Tord Sanchez
UCWD8HQymBeUF2zz7er-tizg,Nikhil Harvey
UCHdSOdakYLtEvIxK0zKwddQ,The Rated Oni Channel
UCmRhz4iczMYCtFEDnJdbKUQ,Into The Infinite
UCuUrM1KOH0NYTlnpsakc_7A,Chicory Miles
UCnI4j4pisTh1-HnwsrW81Vw,Brett Perry
UCv53Fi6Z5hWd-WATDzZTahw,Connor Steffens
UCNUZnrJ1jmDx5QrPOXvE25A,"Olivia , Human Disaster"
UCR30FayhnyJIIyJUGIlWccw,manimoto2010
UCol1QYehGgxriI6HAcb2EmQ,RaPtorteAm
UCBD15skIo_rKBpMw_KDVZ9A,Andres Gonzalez
UCwXBGnuzAItW3C7I9MtEc0Q,Znwarp
UCTGr-08uBYI6oHS2Sz3VRAw,Brovelasky Ronald
UCf7dT7B13DNGu6R7HidZkcQ,Reid Chave
UCqFlnvxZncQFPkJqcDWF_Pg,sebastianparra8
UCBaqxyQgreHk8PhSwqzp-zQ,Yan Tse
UC_Ti5rg0hvZOFARHMJF8dFw,Jonathan Martin
UCfcKVUbaFgf2Z0nTQxZG4zA,Tom c
UCzXUflTZ-w3hirdhBkLANJQ,Justin O.
UC-9UhqfgYgz7lJBo0M_jOIQ,charles mcdermid
UC_coGb9ByeVOyVw19HrnQdQ,Julian Ferretti
UCOIwLMbWrc6ckt1Y_6rj7ZA,zibo yang
UC_qtKGQ-z8IucxkNJP9SEjw,Gyo Kamata
UCNx9lMZLYtz1QNLa6HCQv9A,Silent Priest
UCKhs512SRVHMGrRBYTDb8Hw,Rachel S.
UCJC7rW7r8qxUjD8c1FDkoug,naleek12
UCXaibRTmHmDgE057ijR6pEQ,Cliff Block
UCoJYzu7GnVk4lTJUYhphnUw,Juan J. Dueñas
UCEdIOhZcC7La-1vkdk67Ehg,Christen Himself
UCa2HuFynEEoQf0NgH2pgBsQ,XcrissRS13
UCxkPJ6m8m5IKNlSKgu8vk2A,tonecot89
UCJIO4BIREUBVT-3an2lYDAQ,Jessica Justus
UCeu79LTOUN2Y4KKVs9a5N_Q,Konstantin Kovalchuk
UCzre4YJbvWK2kq4yljj0N_Q,Benjic
UCslXHDoepI2tDpNrzOZl_GQ,Calimbandil87
UCdn-GxxOhvGshvETyaM7bFw,Nicole G
UC1RVLBCGI_qHJnr91dvvM3Q,LDJStudios
UCU0qITiH5ctYPvdR44IVlBA,Amir Joudaki
UCy7r4iLvsd6ulAJ9rU8E8RA,Robert Salgado
UCaxC3Aw0jCxBXmsn86H_ccQ,Ryan Hall
UCiK5E92qliP0LKg7xGMGg1Q,Catz Galore
UC_u1rTaCUVb_vh8oUfuPwBA,Jennifer Schlicht
UC5nRmwdOpUOoLNtq1cYUMIw,Jay Kamp
UCmP4vZz0Jbucufh8RvT7LFA,Maddie Cakes Connell
UCbXK-C4H2a1lU-glRVLPQVA,EpicFlufflyAnimationz
UC61o7XHI6jQn85BHxA_-EOw,Have A Nice Day
UCjPJcq2HhnckpOMYz4KBloQ,shubham k Saini
UCG-MloHpDqlEid1ZtMXTxVg,Sarthak Sharma
UCNJcSUSzUeFm8W9P7UUlSeQ,TheViralFeverVideos
UCAJVpOX0IG_O36bFCTdc7Hw,prashant iyer
UC9QrwOGEOeoFe4raILvxZDg,Sumit Bhage
UCofft-2GU4GpscAWE5c5PlQ,Ayushi Nayak
UCuYXqUb_tcvhlmKDoGPI_sQ,Mihir Karbelkar
UCWywB4nEmBHXWN0xbD2W0KQ,vishesh Jain
UC_9rgP31jfQU36RPlkKcl4A,Vandna Guliya
UCkaS2ok0rzVQmMbnAkjl3uQ,rajdip de
UCx5T1gtbR4MTimx23atFBkw,Mukesh Kumar
UC8t-evzHbSriKTi0gWi1OaA,Manmeet Singh
UCrJtxC82EgX6BFh48hrxuog,lokesh thakur
UC2s0yhfYotiKn4jIZXMAI5w,Killol Tv
UCeqdr0To477odLlNY5NW46A,Shubham Rawat
UCyiywoNnLoKWU1KkG4_4b8g,currentlyindisguise
UCDRhBbimPk2ivYv1xaeBqhA,Anirudh
UC6JpbLHQmWORTC40Pc1rVmg,Sejal Mokal
UCQGDEJ_fXaxWGTVEZohFUDw,Ayush Thakur
UCZctNL500fIU3tqGjue07sw,Angad Singh Sukhija
UCwhcXYqJYM-oYY3V0_pywoA,Sayali Haldipurkar
UCz5k3hmRHBQh1FfrUrDRoGA,Shaantanu Asthana
UCXZKJgTn19Muoth1jIkZDaQ,vijai ramachandran
UCFcQABeDRWPQk1yVSk_mApg,Duke Supu
UC5QsvvuxAJJRNrS78P-s61w,Sachin Kar
UClyPuLgnxPFObIzUECfFVmQ,kailash bhandari
UCMVJAZUPZp-ez9xgmNI071g,Mysb Bhoi
UCJakwD1SXrXTa6hwnf566Eg,id
UCQ5M3KdMArjEtJdWoM_DXGA,cnraju16
UCeVWol_nyG1Sb2KGg4II9xw,krishna kumar
UCbueWZNir5NII6l1ZwzzCVw,Harshil Gala
UCwamEf7lHSHHdOeX-vv8tEA,arif khan
UCyQo5kDNDCHMkfAgiG3fy3A,Aashiq Dmon Molla
UCj4ekUpmOWuyjdtlmwYUmkA,Souvik Pal
UC23zt91mrhw5zH9NnARqnJg,Gsgs Dydy
UCV1etyaiCwxrZDvqxEQpk0Q,Ratneel Khaparde
UCcbFSuuDNuRZ7yazKlti3nQ,Dhrumil Kelkar
UCsB4ROPk32ZiIn98Gn6uxJg,sahil khan
UCXpT13yPg8MrglD2Xc8AM1A,Ninad Chhatre
UCgcOAmSy3br0emFZQnWICEA,Sarvesh Pandey
UCm80Zg2hkRLKpYTW2gLSKSQ,Himanshu Patel
UCveGDyHsy1ZJuDFVTmXn64g,Parth Guru
UCno6DN0UbtYnsB7HQXR_Tsw,had kardi aapne
UCHCPjNXdMcG72bqE3inX0HA,Kushal Trivedi
UCR1BMxG-p7DiurVecdjyuMQ,shashi bhushan
UCLOUMYzy51qdJ8J9-GsB17A,Venkey Dematti
UC2CI6I0zSOIJZWPVjGJw3rA,Nikhil Nick Gautam
UCcG51Py0h6kQ6DZ9uGkXfyg,Palak Gupta
UCc9CmT-aeeEGsVOy_NWcAyg,mohammed shareque
UCA_OC11B1y3_DcrRMTUuoyQ,Sarthak Shah
UCHcgX416MCk5Zb2e0WlNZQg,Samar Pratap Yadav
UClbQhldE9SaDrudI-enLBMQ,MK Bishnoi
UCWK8L_zwLsgX6oI43b0PI5g,Yatendra Mohan Goyal
UChxIJ3df8k9lVhgvJcM6G6A,Abhisekh Das
UCZe7id6pbIZ1argI_XJ0Twg,who how
UCJEBQhdLJOzcSJhzQ0rtS4g,Bob Sanki
UCNA_RE7THoE2izyB77dTlSw,Deepak Pathak
UCkLIYny4IRF1AGj3Ps-1aXQ,Eshan Jain
UC8_sObT5p6y1G7ognWpnVXA,Kunjal Chaudhari
UC_TXsyLZ5z65kij7mpQhEHQ,Nilesh Mendhe
UCqzBSwFhwrwUZJTgetTRxRw,LighT Comedy
UC117SJuiUcLv7D6IlFOIjpw,Altamash hafiz
UCmdoGhxza09hNp2HN7l8n3Q,Rohit Verma
UC0mW0k8KY5ABRnQQvtPDg6g,Hai Der Stalkerz
UCqdeRRh4M2VchRlZwitBixw,Ayush Gupta
UCgGC-fWyVj9mae9-b3Y21XA,Shaantanu Maheshwari
UC_oCJwA-Kr65WhhxVYnhZcw,prince singh
UCh7R3tsm36Dy9ehJsKLIPvA,IShipIt
UC_extCkxuWDMuVbfV2I4fHw,VINAY DANDIN
UCJlIIwxcEz5Pc_GKSD75RSA,subhra jyoti
UCvlTQnOId7KHRFjsxvjUScw,Just for funn
UC6-RMPQ8jGY7WIfyYrXKHdQ,parth dave
UCgY_yNAb3m6h6OAIgSpe4ow,Gaurav Bagul
UCwoJIUdwOwNWKN9YtpmBISw,axeflys
UC-XDO7P5BT7cnEG1fQI4HRw,Saroj Roy
UCGMBmKfUhk8CEUVLGnZr7-A,harshjot singh
UCsr3BHFNb0Y8BsATKqoTwAg,unknown
UC5x8voI-fJ1SjNW9xsHI3Bw,Prashant Vikal
UCx1y1Bv06vOAkzOYTHIDFrg,subasis golder
UCdeBvaXMFFY3mNntHLTIa2g,Raj shekhar singh
UCB-IS8BOPa84Vg8HKBvEkOw,Koyla Kala
UCgbvMJdsU01UaDnPanqriBQ,Anish Chhatri
UCSHW4sIysWm_Q69t7RE-slQ,Reactions Among People
UCVu88lskEjsS7a43Bjx_lSQ,Deepanshu Mendiratta
UC4IG0Z9Hd1sAhEchjP_nsTQ,Arpit Sharma
UCS1HIhsShawA3fwip9DQyPA,Apoorva Patwardhan
UC-eLh02KeSNPG10a4NvAchg,guri singh
UC0i17Utab770xsxlwJJjdcg,Shashank Mathur
UCk_M5p79qIkjzmVvDyskv5w,piya chatterjee
UCgUzFff458rBnOYjO-oifMg,Aziz Shaikh
UChSfAgWb26kNUd7v9vRp2vQ,Amit Jha
UCrcKh2Uo6D3y6Y8QbzW3m2Q,Sameer Khan
UCkriOrfQAmvhIHdhyg1P-Rw,Rabana Ramya
UC4v3bBg7_t7N5uNkBOsjc3Q,aditi chatterjee
UCrcKmjVKdvb4-WOO0YOv2Gg,Debadutta Debroy
UCJwKjDY3oZ2dzewwqRsFitQ,Vipin Singh
UCmQ44iXNz_yxBOM_ddiI9SA,Eysi Pangga
UC3QZ4p7LcBRys4gXNnD9rfw,Sandesh Message
UC8YrlK2z_BJUsHkAP3SMJ3A,Ronak Sharma
UCdamnCfQSAg1hxejS1SVV2Q,Aamir sam Hussain
UCd2XH-ST2MeAFogFYBOasrA,Mohammedgouse Farash
UC6rVA3nfMmnEaX09fuLkj1w,yogesh bilochi
UCTCWQXAbK-_xsnufxnmj55Q,Saurabh Agrawal
UCQXvyxiiOfdZbaR3MTWYaBw,Aishwarya Puthran
UCXZtRJFBjIpcVIzg-6C3OKQ,Yasser Mohammed
UCFYaCHiq_4fQ0MTC2i8BcvQ,0 Subscribers
UChPjU9xD0hgEPhDmkzt8kxA,vandy rock
UCPdI0OyJgfTl4nqkXDz2qew,Anjaneai
UCe9bXhQybxddwYkxoXI3J8Q,The White Camel
UCB3QXVAPJZAVqkYY6Uzisug,Abhishek Roy
UCCSyIT7Hd5InJ4H9C0cOuoA,Rishabh Chandra
UCPRzCAxSe3RIrbu-q0_g0CA,Dip Das
UC6ZDzTg6gT8saTtNF9DTShA,Movies On Demand
UC1DvL0T-swTvXPnKAeAPsyg,Tanmay Benjwal
UCCJ5XbBTsmSs31_ka4Dsx1g,Aadi pie
UClUV6snIsSjnsUmFGfzXjXQ,Pratik Salve
UCU2UNIqS_PPzuigcCvwrF7g,Priyanshu Kumar
UCNhp1ZL098yXj_bee1VbZsw,Arihant jain
UCVARNAdok-XZbl9s9H9gskQ,Rishabh Tiwari
UChMOjrBAurBA-iaWTIJFJhQ,Gaming Epochs
UCXFfl0G56zeCX5kXVo5TrKA,nishan sandhu
UCCIRG_r_NRwmoeskvfB2USQ,Manu N
UCMdkOCpWFQAh7ddOPZTwIMA,Noor Ahmad
UC46Z-hokd6M6tgrMHErq-rA,review awy
UCEzjAdrEflJ8rLkZjFs8QRw,S Muntazir
UCHbMHHUDl-RBoPuhocKHDDQ,arraafanatic
UCBJvF2PjQ7ymwpdgQeCqJ9Q,sandeepsamrat sandeep
UCh8-Qx1P1sBLHKwmFgQ69FQ,Chandler Bing
UCF2Sq3vLtx29Q7hCCy8cKfg,Aliziyan khoja
UCyXeiDsxxIcshuyf9lmNq0A,Adityavikram Rajawat
UCFZd8Vgm0RoYwPTdS8JbRiw,Pratham Sahitya
UC6M_ukhOnleF1_WWjL3ByRw,Aussie Trade
UCGmBV6ZKa7WRKGHsks5OmXg,Shlok Sangoi
UCxUczMnvt0a8Z4c7V99xJ5w,Kailash Mendadkar
UCcCduzIkxd_fLt1SjF41IHQ,Satyaki Basu
UC6K1IIcd7dAsc7__KwV1Eug,Srajan Gupta
UChJeU1ak7Xn6CN1GOh0_oKw,CHAITYA SHETTY
UCG29OjftrWjpT00A6-IL7wA,Vinay Shankar
UCmbzb1cdUf9JJHgVugz3Jjw,Ekta Mittal
UC05saPPTHFhmUKzAHnNnuEw,SLOK AGARWAL
UCKxwcllluIrteM97RYEVmbA,Venkat Y
UCqSCRSQgE_tRW7SRawjeCRg,Love U Bby
UCoAM9MsjmxMUcMp633EycPA,Utsav Aggarwal
UClSr1R7Bawyq7eW0ALp0Zhg,Varsha Sharma
UCekoX5Czl2eVE1ND1LPXG0A,shivam yadav
UCvZ6EAgXHtt_CmjMNxIWpqQ,Bachelor's Food Factory
UCGAuaPVXTLSp__s7wl8IgXQ,Shah Saddam
UCvBgxrw5dtXbRiLLcrmC9cQ,vishal photon
UCiG_8Op3HnBknu-anyaI0iA,World Views Video
UCcizoRk6_kTo8cIX4CvnfpQ,Geeky Tech
UCaITYjS7nUgux76JEPtrBGw,Arunjyoti Banik
UCEhahPhgBlXqJF_u9Qv9Gyw,LiveBroadcasting Dude
UCVfZqoXUoRwJUU4p4Nc6BUA,taniya yadav
UC6EcAVCrImLt32kbiwZGM8w,country to country backchodi
UCbgPepxkvU25JXIRdVOLSTg,Pranjal Gattani
UCHhzYaUKYoeDHZIF4HWWz9w,chintan vikas
UCT22wPmIOoFZWkyb5T8gmxw,Nitin Kumar
UC3FjLTbdzEn1qYLME7eaIXg,Aditya Sharda
UCovxVhyNAHJT2jquom3ixiw,Michi Kai
UC2EfoqUOCcE61kZy6JwOczw,Vikas Vashisth
UCoV3K3M7YHH45UwwSxRRqJQ,Shubh Mishra
UCoNcuNmRi-AcdL8HmqP08IQ,Shivam Wadhwa
UCAxNGUzP2UF1S0bRWT2JYoQ,Ritwik Chakraborty
UCn2B_PdNK02UDo57ySjspVw,Vasanth Prabakar
UCn-AIkdIWCruR-Pdxi-VNzA,Piyush Bajpayee
UCDAODYu10Z1KV2a90KIdPmQ,saurabh singh Sengar
UCPtK-7F2-GNv10vc6kCZpkw,Anu
UCgvIqTM7O0vUz9CV8h-8RhQ,vivekanand verma
UC1NBz1i-dVYLgaI31qVKJCg,Mtec Cnis
UC83t4Br-DO7bUlMwTNnV3NA,drifter13
UCP6qVTWKkFvQDL_DyZ7L39g,Linda John
UCJ_Bd9vGAKjDl_Nw8ZWTzrw,Siddharth Chougule
UCl_AO68FviUBE4xprZKc7yg,Rubin Mathias
UCbE9-5ogP8FjIBOMUsDR0Lg,Nintendo j
UChGEeovpBa7I2BZXUttvcWg,Gurdeep Singh
UC4sdF8kjQphEcfMvoluhdvA,mastkalandar1234
UCpyR_kWG1Hq3EVXHtsCVPzA,Jyotika Bharti
UCw8i-EIKEf_wA9niXkvvC1g,Mc Manju
UCEz-NiDo3amTc3Tzf9_J5Mg,Mahip Deva
UC95G_FkHRh84UFCqmmd85wA,robin abraham
UCdvCgVcQKUFbkHlOJFjhs9Q,Ayush Sharma
UCdQutSe9Csla9HI8yUrz9iQ,Erfaan Detha
UCLt4o_xbQwlxuTbY0rzizMA,Manish Kumar
UCLxUPcKXFATUhsBnwxMIbWQ,Today's youth
UCLW76GlU2BMNQjDj2Pe6reQ,Akansh Chand
UCSWnvBqVX3qHjzu7molC2sg,Alok Babu
UCPbsr-fKVY18gt2fw8MjTUw,Vani K
UCwvOL5qbtPJYjItxbeiQ0pQ,Manav Awesome
UCENMLiIZ44_x6qNkxkRxBHg,Sayli Chavan
UCo8zkEyF1g5MswepMJTkAkg,rohit raj
UCKcRAtP_NQaY3qicuGM7lnQ,Nara Dada
UCJsbqUmvaU0jtJNTvf63AVQ,Ap_section Aditya parkhe
UClRGMyO0UHL31j-WaIoCgQA,harsh amber
UCD2Ai2lZc13SkiogdnHIdZQ,Piyush Kumar
UCal_e6TntaVGD3urlJ5_6vg,VortexX
UC3midS0LyYfk4PgyckReoZA,JokerPoker !
UCzEzCtKbZl3CMIl1OxjgpOQ,BB ki vines
UCdSB-tgW803mJ94D_eLUBhQ,Trideb Mitra
UCMMq5RukrwbJo_DYdzig1wQ,MR.FUNNY BOY
UCS88_rfxN-xN3JktkOu-GYQ,adil khan
UCIw0QKtnVnRV_3g9YigLDaA,Kedar Prabhu
UCy5_dR0ynnt8ygToYLDGuTA,Antibiotic
UC5l9M_d5Omxo5oLsMO5hkag,true indian
UCMYHLNAkNIAaii9cTgoELpA,ayman jalal
UCbnnjl5JC4F4g6CIgEiqX0w,Anaclete Mendis
UCI9yDqzIefBwTO-ovaEK1mQ,Omkar Kulkarni
UCFHww4Fb1J8EDBd6ynhLz5Q,Tuhin Gogoi
UCCk4Xp18S46z3QK4hlTkSkQ,malhar jajoo
UCeGNOJUFwnHiiRZP7jiEFtA,alok sahu
UCsEidPrNxtpniWasLeZJt-w,Chandan Kumar
UCXVTmK3B3o39ZK5ueEICuUg,Sunita Agarwal
UCquo7VQEspH-ll5C7Y3NPdg,anumeha kaushik
UCIJ9bNz1yC92Z9nHRDHtT3A,Andha Kanoon
UCVObvpnJhxzoA9HfUWMfcFA,Meet Parihar
UCh1hXOxAnnUikFFZKpmeZdw,chirag khatke
UCD6st9VzlxyWU-tIsbtDb4A,the notorious
UC2Y4M2_M-H0RJh9LVfWSd6A,Sagarmoy Jana
UCWs5nrzKNUwft5FIS9M-iNw,Srikanth kantha
UCAoNHQ2dGXzGFtOMTFc1u6Q,Shashank Vardhan Srivastava
UCCi16Dz7qTl-LkZlnauxaeA,siddharth raj
UC-TGxmT18EQd_JxVqDtv5AQ,A for Ashish
UCGDSjhNjTrMfV0hMjhCgJ2g,Arman Mallik
UCb_ty6WbHT6f80B1ArVzGcw,Rahul Wagh
UCcOk1p-Ple6f6yYMfDgeFiw,Shudhaswatwa Sahoo
UCkfgutznZQQmE7TJVVkVqVQ,Harsh Dhankar
UCuVHR-KAwCR7RQoEC38Nn4Q,Shehenshah tv
UCOMZ6mENw7yr8BCnN6HWBXA,Naman Mall
UCUlAvY_6rE6gnv5vt9z8Vfg,Pratyush Shakya
UCHhtOvnc0Zla-soeY82YB7Q,awesome awesome
UC0HQ9u68IYK8ONVscZNvFaQ,ewan dolma
UCSZie-lpusKedxUlAd2V8Zg,Sudhir Kumar
UCExrPMCIE5O_N-3F0W2Cy0w,Anuj Katheria
UCIgo8BiTUKoNeCQo3pa97Sg,Shivrajeshwar Dhondge
UCNETn9lY7UEdCnKnuJTuFtQ,Ajay Sharma
UC_o4Emx5rdE8YEsezwzce9A,Idris salim
UCNNywigvC6DAT3BOjEsYWlA,Nikesh Mali
UCiQZ78TFj82VUx6gFgk8nrg,Divyansh Puri
UCGRsr9Hjv9NMo3iy5yfjF_A,sourav maan
UCJNdKAUSuj2b9dGi6bWtH-g,Anirban Basu
UCZ2KrxfjDTjr8IwMxC34Gqg,Prakhar Shukla
UCVOVpfKknlnNdz8L7qYZpVw,Ziad Modak
UCQO5mqf9QMZ7Ybx49rNFU3Q,gautam giri
UCszCs0b3tTg1phkB9SwvxbA,SHIV SHRI
UCagOhfd9ejMfYVVsvtwH4ow,Rohit Khanna
UCclu-aivWOHIPQw-Ulx2DKQ,Andro Gamer
UCrh8SWWRWCLZXX6-aTh5IJQ,sukanya pawar
UCcjqHJryDwdUwCDCi3ex8pA,The Phantasm
UCVwbJBKDQKJFOPbZFnt-rdw,ashish sen
UC919VNjlo1JxCeEfJdcCGgw,Siddharth Tripathi
UCL0yRvs8tLY_8AcxaEajsuQ,ANUP JYOTI DEKA
UCdRV-z8KXGY9XbeWIw9E-hQ,Sahil Manglani
UCQuISYDx2b4sA4M5mtzS9YA,Asad Khan
UCGnCQY3omNS6wSxMFJDxXwg,Ankit Vyas
UCT-aVdgWq8MaoYJHaxxg_PA,Isha Salunkhe
UCY0nhYs8jCz9GL_R88KgQ5Q,King Of kings
UC02PyDn65H0apWlBugKxZ5A,Shriya Malik
UCE4E8-VIPLSFbdTRIjMz9NA,THE MESSY GIRL
UCBLhKwwvhdWUAFW01pSGwnQ,Krishnam Kumawat
UCO3epJPp53NpCCOvDY2yDiA,Mayur Suryawanshi
UCJri1FcrbfFdoZ4Dg7znmOw,Abdul Wahid Khan
UCyh-1Ab_7R6ALxLMjFwussg,Shailesh Online
UCdjgR6yqOIjuHzJ8BVIWa5Q,Robbin Roy
UCJO0cFyZMgcvOlL8uRHnnrA,dvj jack
UCGbMrO9tzDukVqNGRxPUyWA,gurveer singh
UCkLKx3JIr_0y7oW5rP4G0Dg,Akshit Varma
UCQUUgEI7HDlERVCSnJaB-GA,Caesar Chavez
UC9vtabXDr2MFME21jY_mzuw,jyotsana J
UC_1IN_leujkQ4U0dkS8YXow,Rituraj Singh Tomar
UChcYKVVrS9L4voVdyRM-Zog,Rahul Pk
UCFj3Iz6s9gHkbbTSRKNhEYw,GAMBIT GO
UC3lXG1bZ3VBBXbiY8yl8n8A,Sudeep Juneja
UCcwEV-flK4cmRaqS_a7ltyg,Gaurav Punjabi
UChsVfEQkeKBuhx7HI8S7IcA,Ananya Gupta
UCg0ikCAR5gQbGZds7R8BmHg,Nawaz Alam
UCmKqcp017P9J-qIv7CNBNrw,vishwajeet chankeshwara
UCqgQYtRoLwk3ZG5AiBpNNTw,Darpan Subedi
UCvUNatCvxtcsDIT8axW8ADA,Karisma Rout
UClPcsPWxHySaLQGnpRqRg5Q,nandita soni
UCyhg6dwI2gAKSj7ef1X5ATQ,Ashish Kumar
UCN9G_OH19JNkotmCl5SQ4ag,vishal kaushik
UCECX6ykIdq6oJD5ObkAPFog,Avantika Bhartiya
UCow6ZSxYj12EcZ1GyUfSM9w,gadget guru
UCXf1m4rKhVm9kxmpe6E966Q,Ipsita Mukherjee
UCo-FHOAbwSqkAAnL0S5nDtA,khurafati khamosh
UCmAChWDpdyxhp2BrpT93YMQ,vivekanand dhakane
UC94HR6Lh8CTzIySFQmBd-pw,Mithlesh Shetty
UC72bwyp7uF-XgGluluHQ4wA,akkount waste
UC_1rc6MLaAcJ5FtQbbGrbdQ,Anna Nasir
UCj7TH6oSK5O_no__OAYuqGg,im gourav
UC1ZRltMObzAIbS3kPIL59qg,DR. BD Rawat
UC2fEYeT5EPm2VsXJNJpa7Pg,Anshu Rathore
UCGHy_CZxQe4V6JruVQoxtvA,chetan pawar
UCotQmRkLdAPXgpsvlftPieQ,NRI
UCWVIfwmU9EdC6wbd4aOBKKQ,Bhuvam Bam
UCtsnClhbGYV4BvmNKrOZjow,Ravi Tolani
UCePuGaITojmFaAtYxuJbQ-A,jamal reena
UCW-hwxEh-2slDC9Bz3fpChw,Trisha Pal
UC6Q1tSCgw0-i3WAal_pKxFg,Shruti Sharma
UCMZdwndvkYHqcgyVK2o8FfA,Muskaan Kapoor
UCwksiAreLWRO0VvtsjKZGGA,Sonali Irpache
UCGqqHzGsYUZOXtK-FDhOUcw,abhilash jain
UC0DMMLZlZ8SNh9G3eXyzsTg,Azor Ahai
UCX_UkA3sAKCUsd4xpW85xmA,Sun Shine
UCJoogIHnFSdSU6aAIDWAyww,Guruvayurappan Vishwanath
UCcRUNyFfopB7t6jSfrwgQAQ,Mahim Chauhan
UCjxPVGjRLLs8zebiYutELQA,Gaurav Gummaraju
UC3Beveq_UBNP6lnDtvvJIHQ,Samarth Shetty
UCkzsms5ID3NvnkXviEJfdyQ,Snigdha Chandratre
UC380DICy8cUXhfZIbnaQUJg,Bharati Prasad
UCPTp9x66CLXghFBMUDt9ong,Shubhangi Bhatia
UCt0UI31V9lmgl62Mb3XcN1A,varsha bhide
UCM-3mP60odk6PYWWe-cU2iw,Sharon Sawant Chandanshiv
UCPWgZcgSxh0c_Hs2dvqIIag,Rashida Indorewala
UCLanOZjGQ_Uu0Jvmlqf_m2w,Pure B3ast
UCGWGHBmoMrJd4Er4rUaErBQ,ashwin raj
UC7t7brjnTiWtaOCsJE8Dzyw,Gaurav Mehra
UCwLhrEZYNj_qVyxtTVRClBQ,burningknight7
UCADpaTW8_HUorcMA9lQRBeQ,Andrew Wright
UCVC8zkCSsNRD9alVJatGZQQ,Napoleon4778
UCNHmrfv4qGGEX2fscMuvlCg,surbhi moudgalya
UCzK8UcWYd4Okg2eZg2rDTZw,Nidhi Shah
UC6Rn6X4MMDnI_41J7NTUVSg,Sai Vyshnavi
UCEdWBa5VphdmndMecj4iOvQ,Cubestormer Iv
UCctQzBUv4w05J_XvZy8OWqA,wwe fan
UCV4vzejURU28GqY0BzxpwOw,Tanya
UCVgbDAOgYz4-zrNg-e58HTA,Ujjwal Mehra
UCepK2JuSQXDi_UOCJwsINTg,Ritvik Grewal
UCRXgKPqQWLbvqnBK5kSQ37Q,sonali ramaiya
UCxo25mw5V68E4oJhNLNpYDg,iamme azam
UCvHW3B1uZkJPlghuY5xURNQ,Shubham
UCwZc6a1mtnR_eZzU1uEqLIQ,Akul Mathur
UCjziEmpvRC7IWnlKToZcGsg,EXCELLENT DUDE
UCJOckMDmn4jWU63gr_o0u5w,Kranti Tomar
UCsyeP2o2g53yjMiwudTjrLw,Asad Sayed
UCcUlrddxsTZiNkpug70xKmQ,Gagan Mehra
UCxLlKLI1sv2mhsEIyHg6mKQ,Sourav Agarwal
UCeTJksjRyTswarlbyl4JwaA,riya yadav
UCxBFi7md6WVsLRbnxF7nZlQ,vaibhav pandey
UCUt74ECXYzhxxxa1s9RBOjA,THE JOKERS
UCt1FEVgIbjerwYPPaallZPQ,Rasika Potdar
UC9gkGJ_FT5zJGkjJTavy0vg,IGSCIENCE Experiments
UC23fXjCjorc4zyQxhi1vD8g,divyansh agarwal
UC1omTnjSgXh9bJ9hfPEOXOw,Tushar Patel
UCYhVoiBb2eZ_DhUvkMlcyiA,Media Media
UCxniFkurr3kMwpbqpcPphhg,Abhi
UClwgVW0nm1jxOXZDzzI99UA,Keerti Jandra
UCpb0bb89-cICtmO-GPuNq0g,Piyush Pankaj
UCkSlkR5eselP_uwn_91vcGg,Qammar Farooq
UC74xtL0SayZjqPFZo5gsMHw,Saom Malommu
UCcBZKCynjzbl9k05Y9MwAFQ,Ruchi Mehrotra
UCKJTGIqcvlbOVDC5XG6nMwg,Santosh Dogra
UC5pbZLN3iJqiXdYfGdmq__A,Amartya Chakraborty
UCiiQypIzX7120FJkeTcFwyA,Param Singh
UC3aWsmnuvG4yHGhBQkZC75w,Agnidipta Chakraborty
UCRWcgV6cl9x55h5W1b6qOIA,Ashish Bisht
UCRL7NmPDF3rMYeJaZCVicJg,Yogesh Tupe
UCMbs__4OY_Pgso5GoejWRcA,Shehzad Rasiwala
UCvJnbRJFwEDiB8530mD1pfA,Tridib Pal
UCDtZuzstJGSI8nANpviBayw,Snehil Singh
UCsrSxuSGFNWZVEJj070lwGQ,nandan angadi
UCgJ1Ifx9Nv4R0hiXjP5TFFw,shubham akharamka
UC_EwgX7qxwFB5tKOkFS_KrA,Karthik Sharma
UCQpIMtm3-hmrh4NRAX00h3Q,pankaj s
UCGkCcHMolaNlq_wvhv0im7Q,anil malik
UCNkkVM7m7LNBrm_InHCxOvw,Ritul Sharma
UCI3JkKWW1pfLYHyztIQnVUg,Shantanu Chakraborty
UCHmGsWHRlWIPMiyNI8n4e3w,Palzi RK
UCcMZZofhds1z91EA8SpjAfA,Varun S
UC1pneGzUQ8vlVxwqjBJMi1A,rakhi karmakar
UCVpQfqTUS4PtPD9iqRZxu2w,Rttt Brr
UC8QpOvPMEcB_Di2FJ3BpHGA,aman raj
UCmpKFvqQmZAQNFUIm6q2ShQ,Yuvraj_ Sehgal Vines
UCRfKILx8q8aMFdWovc_Em2A,Jeff Byrnes 36
UCFwsZ2qXijq6zaWptREkuSw,Eric S. Czernecki
UCSkG2OA2WPGXU_cfN7H20YA,Baingani
UCefK-JhYx79Hdw9vRtppcRw,Mahender Bharti
UCPugMKxZcNx8RSvIENR89nw,Nikki Singh
UCKfYXQRjPbxKHkcUgnq1UIw,Kunal Dhenwal
UCzttrQUtI8uz0KHJPqKf7Qw,Shradha Mistri
UCmIFwC7yqhasC-kHkr4fe2Q,Shrishty Vardhan
UCXEvN-uoXMNohCyINVqcZ4g,devil Vinil
UCHi9F9vXp4z_BqfE3UsaVzQ,Himanshu Chavan
UC9D--tXcnzgwDOPJnnEJ5gA,Netra Basyal
UCsLdNKsTq3Z_lTkKsw-hekA,Reuben Coutinho
UCe8gELZU5PjoS2cjYChHurQ,Vaibhav Hr
UCyI4AXVI1snI-tujXQL54kw,MONIKA M PRIYA
UComEyKxpmkRrPbqScF6tzrQ,Bharat Rajagopalan
UC63-nMMPnSEu1Exn-kySscQ,akanksha chaudhary
UCXSGJ95khqh0khVJoTRZlkA,Samriddha Majumder
UCLQjCyJCibwtA9dMjgkimbQ,Funny Bunny
UCsjhj1wamPQqv0qCyP03U-A,Anushka Sahgal
UCSaUCIBPDoLtVgXqBUnEyww,Vishakh Mehta
UCDeDmNn6ft4bHHS5S-XkJpw,Swaroop Shetty
UCj6syM5yx3Z3cnKMHic5qQQ,Prabhu Raghunathan
UChyt0WSenT1I6mjTwH0aI0Q,Ali Kazi
UClh915yAFRH_s-G6B4Urx3Q,DAKSHA VIJAYAKUMAR
UCQghkCoH5fs-00U0jkTn6vw,Shafi jat
UCELlnFalKhF25oCQJ3pMyCA,ARVIND SOLANKI
UCkSVBvHzoWxEhH-BJp-ZlMQ,Sukrity Chatterjee
UCrbMchQ0RMKTfIN0haqs8-w,robloxfan100
UC7DKO1dB7_mR22xTbi_-rDA,Sneha. 41094
UC1zEJ0l2ZIn4ofDdrLVVp_g,srashti Sharma
UC-6dixuszXnbrGuFVBdoQ_Q,Guru Prasad
UCrKfi8Ck0VBH9QvQqwy8RrQ,g s
UCDMbITJTLB0ONFwEN89VDkA,Anshita Chouhan
UC5cAj_T5990SThvosIQWNjg,Devlina Biswas
UC5PnR3HkMU82fEVm0L2PVGg,sudesh Bathla
UCwqa90jYrW6dA0JAVdWdRsw,Dipam Roy
UCXoX1FbAkzwqVmnOkKZsiyw,shrey shantanu
UCkzpMptp8CF2lak6G3OB1OQ,May D'velra
UC_Ajuu-3Zc6w1c51GhiIMfw,Snigdaa Chhabra
UCp_XTBFMvbwA5pxLaQ6C6eg,Purva Aware
UC79JNUkKGUtYiPXNpUTswrA,saptarshi mandal
UCKTVdJ4abGB_8lBgaIO4JcQ,sunaina roy chowdhury
UCCAoeaxJh4RAjgHu78EsmKQ,Aanchal Katyal
UCgxs1MEf1bUu3CyLmCsFa_A,Anil Vurity
UCyiFNzIj1Wp4wQeSkQ7gfzw,Lalit Rudra
UClYRRD3nH75NQQAsIla43iA,SUMIT TECHONROID
UCx3Ojb8EioVY-Q43anHdmSQ,Chaula Trivedi
UCC8GOql5NiHBfUpG0gWgrFQ,Dheeraj Sachan
UCUBslBNQD28rFkuDuOSKP9Q,hugh jackman
UCcCeTWKqpVWESrFXjdNyQuw,Imlak Sheakh
UCbTZQYYz0s7wXvzsa9qTpxw,Megha Agarwal
UC4x2ewyF-5oeZu53tsL7fhw,samuel Roy
UCjUWcRPsj0HGfc4pbxVBOjQ,Alfia Sheikh
UCW1qmLSlwBwJNYGtHPNzyyQ,Prayansh Srivastava
UC1dPwmLidHNkpzxQVCrQldA,Amandeep Malhotra
UCO6G7nFSHt01AZ1Hw4P0hrw,Digambar Killedar
UCzUYuC_9XdUUdrnyLii8WYg,All India Bakchod
UCUgotK6Iqpn13PKS9H_P4cA,Bashav Bohara
UC1GkN6tjgTLejYu-GZZahqg,Birva Shah
UCYA5WOY_FE5lt0EDt1q9UQQ,James Otto
UC5yuR9010cFXUlI_34cqaQQ,Nora Moss
UCDmjD8oojWs6ehyyvDwwcEA,shitty username
UCaVbi6oDQSdxzUJHcRyhWsQ,XXL-Beats
UCJrHFtO7rkdGRWPnk7fGCHA,TheRabbitFear
UCQG5s1PapKikpZHzMHcrjeA,LAZ
UCDLspS8oVuCNLiARdA2a3Gg,nulI
UCHzj6GEP9Mv2j1041qfp_Hg,UnderTheSun
UCgDjZRL5fuEze1CTwnxim_Q,Bloxxer Studios
UCu-QH_T9hk0IWTN231nGSEg,Googlebrains
UChY1Ad1DM4lVQCIWig86wZg,M48l
UCnJ61WjtuxlybO9CkiIAC3A,nothing 0
UCuUoe1jBURzIl-IJMCgOeSQ,monco123
UCfiEF90UZ8Oqs6Ko8ahiUBg,NickLip09
UCQBOQYlVUuWdk-CTbDxSZ5Q,Gavin Carper
UCKPTQ7rEInPtBkpQ54Wdf8g,Alex Dodez
UC7uNbI5Zxi-LrT2TsZ0TPlQ,Retep
UCaF9MIUN9iYrm6opSYAfmyw,David Spedden
UCKA-ehlGM8tZv8XXzSWSMQQ,gabelogan56
UCl-2bB86FTzMFEWOZi18RZQ,Narutorz
UCJXX8jFW28fWHuMx8-FmgDg,Jack is not in the box
UCYusEGtUvdodl2FLuscy_Mg,tumatauenga
UCHpercNiE4FZ79wQU3tMl6A,Savage Golf Threads
UCN1bsf9L21umKfwryQ9pH7A,Merthalophor
UCimVdw66_zuiLkxnaQKi6fw,qxANGELxp
UCJukvt4xk0SEmpx9C_eagpQ,zants
UCdF5QKi3F-yplAjYjwfpMKw,LittleLadyLovee
UCN-h6nd9b9sADTCV_vbXaWw,John Vessenmeyer
UCYFLVV-0_RBw9TzoUrzG_EQ,PartyYT
UCsr6-WDlSbo7sRPOiDcNY5Q,Valentina Novaceva
UCPSwIvy1gyTnGNFULdEr4bQ,John Falcon
UCIBUsz7KFqXci3v0QP0Y2kg,MIvarsson99
UCL1E26XEbpmSxScI0ETPV0A,Ian Oliva
UCQPtgkp4oIU1qJtTRAzynAg,Zach Haber
UCnYjn3S6xKGQ2aRrlpR0GYA,vect97
UCu2D9pwUzpGtXcY5bRKDm3Q,LeO2PaC
UCNalO1fzaaDG9K1kApqwVUA,Shalise Shaw
UCZtAtu_phruMG9TtkK3hTRg,Josh
UCNPmzkv8X8I7suuTCWwRhyA,Garrett Kneen
UCDKtFqXUvXhbwAUKVWV9doA,1991tbriggs
UC_NbgqRCtypJpenhIu8h4CA,CoopDaddyUSA
UCewXM1lloy3PQrxBAv71zEQ,Ty Tratar
UCGgi9QOw4kduDOWCEhmtBmA,jratnerd
UCBfmsQhTf8UW6bsH4njpM1Q,Bryant Bell
UCWK54b1CWLSoYr9RtkL1E_Q,David Leary
UCuBp-L_Vimp94PnU5IdyYAg,BlackFaceBoi4/20
UChUCAQmFHzgucqiv07QTH6Q,TheVikingsCentral
UC1K6EMp09e0cM21HvqeNQqw,Zu Byerly
UC1YMN10wXDtY2eDU-dFXf3w,Evan Parisey
UC72Vw0t_dRhQFh08cQRkXkA,Tommy Klein
UCzfNhMcgww_VvgKctKa5mJw,Mike Gibson
UClRHTZt9ZBPkKr9F8v8uGXg,zlerner716
UCism6AAeANc08PNOsakgnFw,Killerboyp
UCuFhTTYFmEtIeekwXdpnlcQ,Milan Toushynsky
UCoX6ua8sXG9-uhTbE1wv-YQ,Sarshar Sayyed
UCc33GBQWTG9LFqBQr5zE_8A,Holly Golightly
UCeqt2um4lTVbmrIKthkHoaA,Kvazi Travel
UCpt0RqA7hmYsgLQEqU_S23g,Werther
UCuDtN8KayeW5IiJXIvaJHzg,Heretic
UCHN-VxlrvoSo4AEgWa9_vew,Dylan Mulrooney
UCNktmKBhLHXuE1mhBTe_VkQ,crangel21
UCvl40sFQAV4OZp9WAy3Vr3g,joshertvu
UChaa9Ll04GPrmNjpMohOvUQ,Jagadeesh Haribabu
UCelDXPLgJNAnJ-rzz1H69cg,Juan Basagoiti
UCYh5Vv8ijg9xQprHCDn5E5w,Mattia Antonelli
UCRLvaBGwIa8UabLtJQsR7rQ,Don Man
UCX2ZjP03QTb6_jO4xCH4MUQ,Harrison Totty
UCTq0DHXYUn-Uy4ug0FIHqzw,Naveen Gowda
UCbI7Ua2TS_C1-hyZ1WeuaOw,Azez
UCk5JLrUhHg6rG2Tj58d503A,Jatin Kashyap
UCfwjf_VPuRUjyHZB2pa8NKQ,Blake Bonecutter
UCGJKukb7I7oLvP_y2o1IYcw,John King
UCGmHcjuzElVtn-VH6HX2Gag,AnitaCock
UCnSjspqngROkPTCLCRQTIoQ,Julius S. Peyton
UCGPOKT4O7-jldomG6VqW--w,Luna G
UCshVTG1CVEIYGWb9wyO5f-w,Directioner315
UCyCVPXosSs8-eE309rp2ItQ,Silphaer
UCLSz1saru1Qb5rLTsFWEfyw,maria brown
UChDvWTS8jIkTxSSvvlu0QrA,fazal khan
UCv4xwAaAFhUegC0GMvqZ6nw,Harry Loucas
UCOy4fLZCr4Zn2U7iZx4QhEQ,Joseph Thomas M.
UCqabHYDN_7nwRnKf-kN1Ixw,Ghost Rider
UCNzVMVVMa1tTrTe9hYIjnOA,Raza
UC7HLajaE0R1IafBRBqENW1g,LeontheSmithy
UCIYNIV9mkLcUD4KouycdVyg,Rashid Salim
UC8UT2q9tf13MyarMERIg_tA,Ito Roots
UCl4gfiIOuRYshTkNZ0XxBZA,JYUKI
UCQQxcXSB1njILzHsCFTZMLA,Dark Arrow
UCm8hIW2BkBfGBOUnZpA87aw,aaseloy
UCv7QewJdPV4YvTECG0OxM1A,Alec Siva
UCwEkaRMSPJx8As5FoE7LOwQ,Wyatt Korb
UC9jwE3SOXqmq5J5mauLKTgg,SJaddy
UCtlEB7D-rdTXVSzyvEbo1Fw,Owen Slaughter
UCE1JZ6KJuVecxWMbqojvOlg,ania jackson
UC4zTjyhdDny26j1iSShbOqg,ZerEf DrAgNeLCG
UChcSywN_iMRXqd8BErBFUfQ,You cheeky minx
UCXDNOc4Xek9GQcCp5BzLnLw,GnC Films
UCtDwYLNezs5BnrQBhvAReLQ,Nicolas Yaya
UCAh4mMv3I-ing_QqxsPNiyA,senor PachuChay
UCiCfneu0TUbFN6OrZJtAqYg,themartywilson
UCZiNlC65L1c4Caeur0JaPHw,Jarred May
UCDGaiJgTb6AHqBj1SKx41JA,Silent Cheech Gaming
UCB09UtPXpjFB_Z9XIHZDNcw,Jason Nicholls
UCmhWOhZZlGUMdyZ10BP2vjA,peymantp1989
UCNGADQOnzVbpxR04ExzwO1g,bradhuygens
UCDrC95WFfn8VA2_aF6TdWuA,Unnecessary Productions
UCMdRDzwtUq9v5wL_ZkAj9bg,saeven
UCUTRmgB4bY1Xo-fBwNP2Vbg,Jonathan Lynch
UCDtEHEQCWukJSb9J8U2tX4A,Raul Martinez
UCDx4Sg0091ZlY3pxC71haCQ,matmicm1
UC3psqoB2oZSMHqBfIjnnCHA,Pencil
UClL1dplADbySRfUEmddWIBA,Timur Shakirov
UCBL3UsTtAqHbcrvgQtou2tg,Willie Lavender
UCicHxFuNoYtl0K4CngWoYaQ,H
UCqHuvYTrCpCWuEYuHGHam-A,Hernan Sanchez
UCwFhzM1MAAIdLHGt389wpyw,Chilly Dawgg
UCBC-B4j8mqfXCjc3vfTiPkw,Chris Buchanan
UCRTgtLlOkCy4nvkTbjnUZWQ,janet chandler
UCVpjEBZ-1dDwo6izql15DXQ,angekfire
UC0iYwpxj9bM2YOKG8cUlwWg,TheUnifyd1
UCNKumvZG91QQ0A5WBfmCQHA,DiFrand
UCMqbTCoKr2Y-QAHbeGlWd8w,Cherry Summer
UCDaAu18gs5AgihGnrYiYrsQ,jilljaxon
UCtZaDugSBNLpxxNvVb-BM2A,Michael Harring
UCoYD7KPSMZOkmSWG2o9Q43A,Marty Beard Face
UC3pCyB_y-_I6Q20ibYO8GAA,Philbob Gamez
UCQzjmKM3fEUy0FcRRiLjQ4Q,MrDrummergeorge
UCQF7lnMZo6ELmtjmTtvkc0g,Blake Fallines
UCbCs6ZSce7SrlinUT8swK7Q,Tara
UCct4dnn_05fq2I_iVlToATw,Musa.Joker
UCX9FZk8KwlbUFGF0sqB_KQw,Snuggle bum
UCu9XBZ009MPo4uJ1TovwjAQ,Precaseptica
UClsQelNb5IYHiQ5FFQaR4ew,Aman Mohammed
UCA27GYcA6t6pIrGMeRJqENw,sam Friedberg
UCZSbOjvtL9Mh9t43ScPc5jg,DeVaSTaTol2
UC6nSNJLx4X50ywWEG29VuxA,Whose Money
UCvUgtFAy5HkAFQLf0jkphSA,ef28
UC2c9VGkeO_Y-q8vooOUFUEA,Matthew C
UCbFogU1hkvY6324NQAbvTQg,Manuel Barkhau
UCyOlfyeQGcaA94F4uBAv0Yw,hyylo
UCUnKXw3xZVIVPG06u-oaPUg,Dan iel
UC8AHDCV2S3TmM91gqDv8apg,BenitoTortellini
UCP6Frcmtrpv7yIwsqOgVV9A,Roshan Thomas
UCTPYOn2phGvrNvnl-90iUIQ,SuperJourneyer
UCrxMbwu0UnuQoEeg0SFIKhw,Shannon Conley
UC33alWRYG-cuLDuyM1sFL2A,Gen. Layabout
UC7D-diUZqM2KBR4WUNC8tMw,Joseph Taylor
UCQwcFmW6JtxYWdt_qRqVlJQ,Bartosz Cichonski
UCxfBLgoTBnasjfhyACRwwFQ,Nathan Mooney
UC7HNg7PkzSOeUlE527smwlQ,Laura Willems
UCDKIVVOtScKCHgnHP4w7YEQ,Ken R
UCCJf0nSH0XEA99XYKz5rkxA,chan ngo
UCbuoorKFam5RIF4cDu2NP8Q,allomyself
UCjNxPTOQptONHkKJ1lBMpYQ,Strange Charm
UCuKvN6VvOetaxllJmJReRAg,Commissar of GamerGate
UCm7tvlDvtznxFk0kPqVsUZg,takerdust
UCKwSFXX4PTMjRbfXrwIODnA,lIIllllIlllIIIIlllll
UCGpnEi7uJSL7Br0jDth8oFg,Ballistic Meow
UCiF5CF6pTvt-uMxen6FWVfg,TheAverlorn
UCnXlBBP_8E84NB5gNol9ixQ,Roman Nardone
UCvSixItGmDBw4FbF_b5zLxQ,J Racc
UCBULseSR4LTBU7rnHVkafNw,Sarah Abd-allah
UCu1UWgIXOWkM-P7TYbpWOZw,Srinivasa Rao Ayyagari
UCHzBc2tAn0_hKycAmKkjGKg,nick power 102
UCSULFDzgvqg7Es_oiCxLFuA,KaryXCX
UCsInbODj58Al9DAd08ywdFA,Johnny Damgaard
UCFkNGzaPMZ8HfKs1uIn7_Lw,Amber rose
UCAhby9N6o22BBh_BSBZvLmQ,KEBAPÇI CELAL BABA
UCcL3hVP-E7b1r3qUwuRHvCg,Zageri
UCbN6k-PaDfMOQYVV7aZTOTw,STAR MONEY
UCLsR4EiM8MhM5SS757zED6g,Cassie Cope
UCO79-U9C6wj7DEXSdgTaaFA,Little Imp
UCDycV-oMu4md5sYglrDfOBg,Jörg Heuer
UCEorKuJHxrcpIE4u-Js1zXA,FARQPIG
UCQ_IBmkYjBz1-AHHDVpiFtQ,Matthew P
UCzrYzRg-VgyZITSkctM9ERA,Maddogface
UCluEA7GpUn-Dzoqt01b1HWg,SkylarFoxNc
UCfIw3ABvra-qF_wKlE_Sy0Q,Tilla Matila
UCx11T3s24cijVtB7eOI9J0g,رمضان اکبری
UCAqLjhV1uzvuDqeNS4IWU9g,Mario Indaia
UCVuPj06sF4jPomxHEJxWyQw,Mizz FlaireBeauty
UCOe4-Jxzb9f4EoOpVGtXRLA,Chloee & Liv
UCsLps2_8vjFHai5R3KVVUtw,Asia Beamon
UCpyXZPeX1zdOyuhlzB6U5yw,Faye Verkroost
UCB6JCf3Y8iyJxRRw0wMep8Q,Hilal Ünal
UCH5jtGGwnGmCTPLp8MnR0kg,Fernielle Mora
UC1kO1q_PM1sAdzO4-H0Vn_g,THE CLOROX BLEACH
UCnGo33kGXpVe2jnnsgTkHSw,Pandora08 Mitchell
UCfGkp67yG18etaKBpOEcNjQ,Ruslan Allaslı
UCc5qntGoJhxXKmj1Lb03VfQ,ore b
UCjIiy9aRGYS-jlcr2Y9jCfQ,Sara Tanasic
UC2f9xYgvjrkwktLBp_VKIrQ,Blackbuns Robert
UCSLNx1-h-AN0Psw4hrn3YoQ,Lijana Metolli
UC1iu__Ms2RakatKRUbnykyw,Mungai Ndegwa
UCjxvdWGMc7Czhvp80Yq2sAg,Bad Feminist
UCm8EuXMQFT2p0y1CUb-L25A,Robyn Vaughn
UCblg_bK0O57bqlp0QyYAxLg,Adriano Johny
UCGhjEsS9nU-tcKfZKKtsKpQ,Salina del sol
UCk0-phgCYyXz5-OEqmkgSKg,FØX
UCvXsKyWaPfk2hR5_WFG6Oog,ScooterBro
UCfu4NCoBJuBpq5ODswbxvcA,Lynne Heal
UC9edHItg5IgtxKnjTWD6zVQ,Jordan TRusso
UCVpEP57mht9XOw6Ik2hsMQw,suzanne_ Libras
UCTIcpkkRVU7-nsa4UnmwimQ,ReyWitchCrafting
UCudi4eBkX-UL5LK00gQKGMg,RS_ 831
UCxi1_KRwhKVmn7AUVCjl64Q,david brown
UCHnBJUWZXJwapJV4y9lL0og,Dazhawn Richardson
UCU8HsYDH3w7VzeIUYKqV6ZA,william fraser
UCxNPLa-TlZJFZ1nrqyQkPVA,tureal clarke
UC6b9FgXFVa0dnqmYpeCNz3g,akiakane97
UCZHoKSgt_ElsS4KsePEr_Bw,Asgar Ali
UC7bt8rcvb_ndlLKWiv61mDw,Carolyn Williams
UCPDvUA47HyUdloNGB2kljdA,james greene
UCP-D2kCEaoJZ47VfRvHlOMA,sully Pillant
UC1RiMDnOIgeFbZ4geJMN8fw,Christian Calixtro
UCdjNg5zULN8vLYbi9Ls_MtQ,Widia Nurmayani
UCdC129cmjOxRVeKCALIO_Xg,Tina Peterkin
UCSseo7pQta2rf-XmYg_xNKQ,Joshua Elias
UCFcLO3T66UB4ZbKplJhuQQQ,Braulio Argueta
UCXGFF4kOxhOM4ZFDc8ZIj6Q,Raghad Fakih
UC2k3sFQobhkSQqa287acwnA,Ana Mattos
UCARPDHiozcfann1VUNaAeDg,Steve Brown
UCu7RXZcuTxV4E4YTk116Ksg,Kasia Bocian
UCgLHYVaVqqE3_HKMJg7cr0A,HAFEDH SAOUDI
UC5S3uIHUYqLJy_tlZ709uXQ,gambasTV
UCutkxtklVVaC2_K53b3W70Q,Bianca de Oliveira
UCm9KIfGXXmB9QNquzZs1y-A,visar salmani
UCI0I6JpdGlBSgsTT59dPwBg,Mags doug
UCAgurTt52p8NsLoGoccIl6g,Lynn Phạm
UC-OAcKoyJYIXCV_VxOPGGMA,Lale Wiwin
UCsPNdwWlSJBecLBBhovrRlQ,vincent cappelli
UCSr5TDgDXehIgCHYbbBKoag,MarcieAnn Lunsford
UCQg0crINZ7EbzSsjG9hlvcg,Carl Faust
UCTt37axql1wxT5-9cYlOi0Q,いつもそして永遠に polonais
UCd-UVDCHbwnPivQvyMXR04g,Big Slice
UCD1_KpA77AUo1ziaRLWaksg,Emmet Myers
UCSnJw043RqTHx8X0YTDvdnQ,Garret McIntyre
UCKUgyLvcvYIR2qcnjAt3eXw,Laura Vale Sanchez Vasquez
UCM06_I8ub1Uia_DqWsHjFqQ,donna nascosta
UCvlwcE1AnwSHBeAdgBM8F6A,Mougaitot
UC2gQS5rMP4EuJAlRiTzCPHw,TimoTetriz
UCg7GJoUc6K3yIZ1alI764oQ,Neringa S
UCdYk1ghR_1MOuJyXcbt7ckw,Hu Fu-Xyu
UCQLww2ra_Czya6n3jxbT1XA,Eloisa Amanda
UCk9st7z26HF-YCMiwkhP3SQ,Edycakra Sinaga
UCRyI1sZ_KlFBOlxsyq6xAtg,roza theblue
UCwH04QEcm39WqtQfbuBX9UQ,Logan
UCNxx2hZAO00ba7v0GJ8WanA,hey im mafe
UCZLQGFadj3KKfKZaWGJmflg,Ann Reyes
UCF_OE_9umImFvKEgzxJOFzQ,AnaBlu Diaz
UC6scayaoE9CaweZMpktQnZQ,Ryuji Omote
UCHDZM2Hz6_nT86-cHafrY-A,Sarsha Sarr
UCTJd8qHdwKXSPbh8FP4w5QQ,cjxyloto
UCJbkALIOrVpbLkBjFK1xHMg,Idaliz De Leon
UC8xjvFjenSokpubF2cZMznA,Gabriele Souza
UCeqVzBxyTef4RlLh3elbGNg,Caitlin Martinez
UC7dsE8XN1WDhrGHEeOD2zTQ,josselyn escobar
UCuCGnxqfg7Zyk-iXSXj3xvQ,Charissa Walker
UCDO_gAuQ0o0rmuj4HRdgPRg,Kevin Sellers
UCOHwbBJe61veECQGinJqa7g,Scotty Barkdoll
UCn-rx4z5a9ei8exSvKWS6lw,Mark Curran
UCnh54P0pWOE_RIA_VOdbgEA,jd meatyard
UCcYrsNkeUBU3R7W9cD4NPcQ,sehkio
UCpycQHbxS7lSVQp1VOHmglg,Luisa Roman Mesino
UCPmoaaWmr3eMde_PnYJwz_Q,LITERAL TR4SH
UCnBOfSNUiExKl-n64njfGHQ,Marley Hayward
UCSjDqDb7QQZcMf-4q6hzOMg,Bambangrahmat Driver
UCO-_gygmjuGqPO8zA3x2QDw,statistics_
UC1YBTSqr-m_XgzRm3jXU1ZA,Sandip Magar
UC14GmCCmcA2QfQk2AAfJqKA,Julio jones
UCFRaMs8tDzArZtBxxNpiJIw,Thorium Gallery
UCwHDUi04uHWj5v6C6PSks0A,Annour Zaman
UCEYX1-wXo914M9OnjmLL7MQ,Aady Aadi
UC_u-_RSQwZgJ9iVc5c-HXaQ,a geo
UCtiL20NLeIqJQy4j-HJSIRA,Tyler Louis Kuretich
UC5lZngrwYM7txVnFMxZzdUw,Mezosi Kornel
UCtb0iV4GKlY_5TzFwkJHBgw,Edward Cotty
UClI6EyiHhsT-n1_al6WLwog,Jasmine Watts
UCx8JhVZ1oAnn95ATgXgOrYQ,Joseph Hiller
UCjbaRf21oucO-xK6hdffi9A,Diego Gee
UCbxAfvGSMTSI5VvNNpXypUQ,cameron gamer
UC4rRoL-sSQoOY0oES7Br8yA,Lewis Phillips
UCOuiaII4it9IM0-GfnRtUfw,Raw Octopus
UCOpdLvg3GVtGRAIiJjxlQDQ,Sam Farnsworth
UCFcbyPW9BaRj1hfytbiXyBA,amicus bell
UCGrWlD5UQM_nRz1R8bP62sA,MsDDRey
UCvyq4bP8n4tNOzcoJLEVSgw,Ben Moro
UCS5QUwWb-wnpwRkBXkMuL0Q,Awkward Asri
UC4VIrop_XAMEJ4pYwx085Cg,Weenie Mcconaughey
UCONb_Le7rXrltsSOiutafKQ,Bleach is Good for ur health
UCmSjgM31BeK0TBjh4sbaWWg,Alex Bird
UCKypNk7YeEhfADMVFGG0ZCA,Sercan Akgül
UC--kGSQlfAtlktg8D9jz4Zw,Nick N.
UCQxQ83wcp1zFsepJ49zCJZA,Gabriel Rojas
UCO1D4jyHL-3tMAwq-6Tykbw,Daniel Askew
UCLWfI1YHFyDJhpHbESVgmRQ,coldsake07
UCB1T3j5Pc70ayzVNNECsprQ,T Stoddart
UCKxCw0WK9dX8PrLQ08QF3oQ,Fott Slew
UCkGgLbQWcwDmRDe5qq2i4Vw,Nicole Templeton
UClSDUyOM_92RHdzNXln8nqQ,Greszi98
UCxUwC9dxapv7QYfK2NAY5JQ,AmazingHadouken
UCFhs3LYo6mwoYirhaX-PetA,Mehman Yusubov
UCqxuhmfMiBgj-YKNTb-e9lA,KaiRoss_
UC-lblJCjbb571q3xAe4YNHA,Praise Apollo
UCBRa8w4V2qCrW7BVvcxS4vw,masmusica Bill
UC8h3N-RW5GULL2aQzAN8_-w,Eli Shepard
UCLE9DUVCoGC626V3LMOBSvA,Hannah E.
UCcHekpMJyQn8mn4v7X2y87A,Camille Mathé
UCqahlPxiAglf6vrjJwSNitw,excell45
UCi6kVLMeMLL-Z1lLvlEAE7w,Emilie Rapport
UCXUoYxLolizTdKec6KHClDw,scarcella
UC-B3CvVrJkX29VXJeVEOPtQ,Yanely Lopez
UCOsRq9eLianwVGMQ-JXrEAw,Mark Gleadow
UCtEKcJdLq37u7DpN26Idc2A,Bartłomiej Marchwicki
UCCyiYR7AYe-zEzBgcmj8nuA,Lusi Sadujev
UCHxWsf4lALHnxB2iae6z3fA,Darth Pat
UCVLNEiJwW-OyTIdhg1l2-wA,kyle werner
UCcEIZxIjyyCnKC9gZc4Pptg,Martha Baylis
UCx5svRfFCRuS4qyk4C6Pbag,Kaaru
UC6fYMGJ4ymXmasOwRWX2uYA,qwerty asdf
UCRriwPRthfBhFHkngA73fGA,Wharlley Dawsley
UCgLeKMvmem1-pi3frXHETww,ひきこもり Harry
UCjNtwGKAcHZLIVuMB7cGtDg,Doraliza Davila
UCdfNGbYCQ9w4_zhx5sqfLTw,Travis Marlin
UCFsglF8WC_t2Ws2hKO7W0fw,AerialAceAero
UC21JDJ6Pjt7A1oj-9a1EIOw,Yuliya Goncharenko
UCZ_7q6qZYw92ZZ1UvIWFNkQ,Bronislava Skalická
UCnVnnRTSaIhcwQisptrmp4w,marc nanninga
UCfgngzDtVrYOCuMrJPCAvhw,Preston Williams
UC3IP4ZHzg3Ve_dVGD-5L87A,Bethany m-w
UCG-EblEeBOAj01EuRa8DFLg,Danny Green
UCaK86z8JXHz5m2OrpTigRfQ,Dug Wolfe
UC-Pnkoy5xAyFukkwE1TUwUg,Kelly Wilson
UC06-69ZP6I2B18RablHDyug,whatevruminator
UCAB36HwK7ydfQlejO0d6QvA,AlrightMiami
UCteo9UDPJYUfLI5rVWBs0tg,Igor Chepikov
UCStt-PBx6vKsEmqZ6OwzOkQ,Compton182
UC6DOOWpIktmOMi5suGpKZyA,Jessica Shelton
UCqEmsYf0tG7XnUcVqPd1_Vw,DarkSkinMemee Vibes
UCgF64H8gjwgjLe4gjLrluyA,Diamant
UCwIsJpN36B9bTbIupUJO6RQ,shiba prasad
UCAoVgNCZ-UTbd28KxLKeDtQ,F .ALSHAMMARI
UCCciZ39i4vopEbllrve-CvQ,Dayna Holgate
UCkV_2ZX_aMisJNbCC5-JEYQ,Parand Payombari
UC8KjHlDtwejkvfAEK2Tu6Aw,Gabriel Jesus
UCw659Zri698xGm-sI57xUfw,Divine Katoure
UCFu9aA5Rs9XXk1OI8KryLMQ,Kali Biddle
UCoF0Y-7uN23V8PAv6hSVqQQ,Firistic 9963
UCmiNsBYq5zysfMrBboqmsSQ,Fluffi Zengo HD
UCdZ9Gmo7BA87elFlyTfZ_Qg,KaMiKaZe Dino
UC-AdDdOLFp1STuYdwMuQOiA,swissham998877
UCOpGJbRT6wixfS_UNw6YalQ,samgeorgeify
UC8v8FJHH1FaUcgQDf6RuJLA,Marcela guimaraes
UCZbIgFSeT6fHfTex908z94w,Gianna cr7 Frascello
UCBLR5gvAPCwTQUtW1SGC59g,Yasmin Ho
UCkQnZ0eG5kDEIJ5uIM_kfEg,Va Rose
UCsi2olrc51FZ4mYXvD-WC9A,regan Tyson
UCwivTcTlD7fL6C076Lk8d8g,Wolf Alice
UCrKTvge-KGG39jux5pg5p_Q,Thaslima Khanom
UCWvrF4RTETWdFe4fAaX4GXA,fica a dica
UCscSrMl_FaHS2-jZJ-z67OQ,Sune Gouws
UCv1OE_id2y1GaBVC_yk2oow,TheRoberto5236
UCA9ZsO94-SP6QeL3SRHiDsA,theblackcats.official
UCWRkzd9KejAtGEiqst3VEag,YukiMe
UCiiWI9N5Y7jN-9fHvd84s_w,Jason Jenkins
UCqpd3H1FwJu8K99JPQh9Iag,josh henry
UC2mWavs6r9RtK1RzyQZ4lkA,Jose Maria
UCyX07m6uyiRNqL1uCowg3Ww,Anya Shah
UCf07bj3zqYl8nkMtTb-yRUQ,chumgypsy
UCJEP1yb4Manj-fOMBLUWCxg,Ron Susser
UCQbY6ZakoIQSTp3YYd2-2Iw,Kathryn Emma
UCeQAcGlMz2TYEGDKoB-tZAg,thewinnster1
UCxH3Yc8zGk1IkduyiljHCug,McConnor28
UCsZW2GK5P5WCprybHMFIUgw,Adriano From Rome
UChkz50fDlLFSChnx7Hfc6Ng,Mary Sheeran
UCx85K5GgbAVkMe7B6gLfW0w,eriovanni
UCO4ft77ArRTKR4VjoIpSXvg,Cali
UCT_Xu9aS-rDmg15hfo6oL5A,chung979
UCx6bB7GdK-eMr6wNOwuXgLQ,Jamal
UCG4t8VIflho53gD_NXn0edg,Kylle Montoya
UCApyfj8G2ehkP485m9wCH1w,Devil Here
UCnTzjXe9EnSa1qNCdPzCABg,Harsh Chauhan
UCtAPZ-9TNccCj-xXQcA2mPA,Francisco Fontenele
UCjVnCT97RRugzk7MEl-NdNA,Escarlin Paula
UCashy1FV2QcZ_lOdPkhLQNA,feodora etelier
UCH9E7e1pv0c5wtpfU0mfcRg,massa_todotipodemassa-5TEAMPUNK #HSOGameplays
UC12c94tHVk2dexIGgN-j7tA,Lola Martinez
UCHFPpeRuqfRrZOwap2tvHOw,Carly Bramley
UCsUsq_4QThnvEZF9NeZ9mNA,Nathan Montgomery
UCcGTN0B8SMqe66V_Xp6g9iw,katlynn edmondson
UC3TyPtFGreLdQOok_vvnozw,Olumide Osinoiki
UCdfCNx6W0VHv1oifW8Ju5Rg,muhammad umar
UCgWo-vxAAe42pWbedQS7VFA,Classyrc
UCTUPQveQMgOnb7na2_X3nbg,Austin Moulton
UCjqlRW0FSo16mVcuwAL0ttA,Collette Post
UCrWa8OHdiFE9D65GKZzkhMA,Lee Nancy
UCFO4gtT3U8jjhCDAGrxvkLQ,david nichols
UCkjEdYT43xcvrxMFLwknyMg,JR Melanson
UChfHk-CbJGjhWMl_CVrXllw,jeff edler Toussaint
UC_CTbvb7o-RDcXCuAEIOSrg,Anne-sofy Queen
UCYj4HN7tE1ezI-58inScOdA,Justine Etienne
UCRVVq2jKZ3LQoU5TkHLVm6Q,VIKASH TAMANG
UCLSNHmjA7mBYk-mPnrIJvhw,007Malisha
UCC6AmOI4oDLN1fYLzg8_XRg,EmmanueL MT
UC4cqB2V-K89pQ8I7-Us5Nyg,SENSKA
UCTvMZmNnfhEe9nZodoqvnYw,ПРОВИНЦИАЛЫ
UCIS76IsxYyL6a4e7EPx0AWA,FEDALLAH SAN
UCbPhqKB9tjShpP_HArN9peQ,Lopmon Gatomon
UCDd-3sJDdh9hWBvVDDAVk_w,CH PRAVEEN
UCbT4pOp1cd2ku-cR2tWQo2Q,Queenstar Banini
UCmAQou3U5Ta5fncZjhJVVKw,Isyah Rahma
UCFn9P9kANP0UKoPTih--Y-A,Halo Master
UCGNNwo6Gw8TGkqf32P-OmSA,Paloma Garduño
UClrOuBSlD6cmA-M7uttI7VA,Phil Pasteris
UC7-XQl7n-YBNfTSwESxeZZg,Zendikar Francisco
UCKPb_BwsdoYjQHWw07Yreyw,Fungalcrayon 04
UC2bWjs9mRTA8Ags7uNJ4XKg,Zhang Milieu
UCWSry_pLMsb-vHo_5Z4JyKQ,mistrow g.v.
UCA26VB9N_rgufrawfGUSgog,Jacob Price
UCC__uqqpshAX7LLt1dbTS0g,Tim Clarke
UC0n9ok_8OAW2wzg9W5S2yDg,Erica Smith
UCtr1VRheCPTXO5iQrgYpxTg,NeonPurge
UCuO1GBjBj9HPcwdf9KcwRjQ,Daniel S
UC5pyd3JriPIRRhs26tvd8jw,Oh My Back
UCB7fOrEmWLnbS1qU-th91fQ,fl6stringer
UCRi3SgjE81q91hCiu9tDi2A,Carla Rebel Cat
UC8wbPCdEBV1Fu4ZRLms2ytg,김해솔
UCx-PW_ll1pX597WR6OF5bSA,Alyssa Aldana
UCJv9EcRvt84Bgh09kdCAM4A,xXSwagGamer321X x
UCxiImsXWr8Px6uGn8LRymPg,lilhain
UCD4zAUEJYJD-BcMjQMHeVRg,Story Daniels
UCV9tR7CymLBBvJyrDKOQACg,UnityNightcore
UCps4em5uzfd5zNJIQC2reyA,Valygar
UChiXUvy2DFEu9--7EAxh_yA,Mary-Hanh Nguyen
UCr0xFMPiS_zYpz6XGwsxhCg,Chinee Aica Cortuna
UC4EzNLbZnD5O_HhsWFCaiAA,1888Terrence
UCpOieIfzE1Qk9ndp824YZAw,GIANFRANCO GROSSI
UChxNa3y-bU4K3JxIm-Rdlvg,Melisha Naidoo
UCsSTnmz2xgP8NFYcENXebaw,Méline I.
UCKW1VUHjFMhShd5CPvvUxUA,iman earthchild
UCWCa0iQuoLKSo09oGX5OqBg,Nicole Naomi
UCvvT7t-D04iBxGnmFc0b46w,Miss Fluke Hemmings
UCNWvThSdLKvCE3w_DP-PwBA,Lale Güner
UCgzDryQIE4F9aDbl9TAvbqw,That Classy Penguin
UC3vfhf0bABrL1AE-oEs-3sw,-Flutter Guy-
UC_9MTJQx-2W_bI5IZijZxig,angela cheong
UCWLh0ffhTC8cKJ3gWL2Nxow,Liza Dominico
UCu8wZLR2XrgJo68939VHf4w,Verse Delusion
UCPjKaXaxW0s_-pvnjgarJPw,ashley carman
UC-lOA8jLnfypF_NQleTNiEg,faulty
UC6qMzIxFJwbfjrLjDV7zcow,Fairuz Aprillia
UCdLsDtAubaVSEtdjdTIK5Bg,Bruno Carneiro
UCRCpG88a2VRFZIFgS705Xvg,T  USHER Pillz
UCsagEc9qSy_8VxNU5jE-u2w,Esther Treviño
UCjH54Y90VEuCROBd99ZZEHQ,CanalWTF?
UCOTrp_hMcbuf4pknm3BtENg,Donna Robinson
UCEXC1QVDM2wIZ9evj_IBmVg,Serebro Volk
UC9enUUJS1mrTAcjCg1JQbSg,close the God dang door beebo !
UCvnxEW5Ls-cdyEs6eNkt6Vg,Hudson 007
UCq2FROGDikSDsRXN3mgq2iw,Connor Frye
UCsqCKtP799EbiuhCM-1dHXw,Nicolle Escobar
UCrsxajGDjyxV5Oly8BtJ59A,Daniel Alvarado
UCNoahygrSkMq54naskri8aw,M Gilles
UCWzHxpLcLBA91ua5nzHvHmg,Anjani Smile
UC6VqKz-M75Nw3EMrfUs4MjQ,samantha maney
UCSj-1gW9g62Glsh7ApLDPrw,Megan Shay
UCCSTvZAoqH5NFb8Ih7FUntQ,Abi Fuentes
UCLD-W-uDQ0VoG5ouDT0_YwQ,drizzit71
UCUw-W0-JvUM4kJ7q0A3R5UA,michelle arnejo
UCG20yTq44vCtW8hWj5U8_-g,Antonio Suarez
UCf2EwXnFTwDF3gKLsKJfHiQ,luc dejonckheere
UCMxZH5a3WIsmcnM8_HXPo-A,Daniel Flowers
UCxr1bxDiQUILPmxCyZXOrRQ,haroldine
UCsno7YGY-eQDgHUsB1rUUHA,geovana freitas
UC8SU5F1JCIXkdjTtRk7p4AQ,Iara Vieira
UCCbd4L073Ix3z8ZMHRvNMGA,Sara Bazaldua
UCsqMLJzSZ5r0LKVmuIRWDRw,tessa002804
UCvmdlZx_I_iUdcTwQSRbwlg,Emma Buijs
UCmQW2HP-QmCJmylHY8foz_g,Creative Reindeer
UCStGvdNluBHA4uVV0-sRwbA,Amier Turner
UCMJrXvw1Gz7GcF8SxtKNxGA,shanice billy
UCouxp53Cihn9HnHjMVqiaBQ,skelephan-clique
UCk78xUvkaWpcyi3cb39X_fw,Crizen Mawo
UCs471KsUkQCKZKR2aF2hlSg,Hasnizam Mohamed
UC25kSIz_CjbrqhWg4W0ci8g,Luis Diego Miranda Moreno
UCkqDMnXCXUBRiK7xJRln8jw,Invisible Smoke
UCXJdrilsKXXG0jL1aIUwRzQ,B.A Sarah
UCPUQHBEni4NKlzBUftfGo-w,Yvanildo Sama
UCjKSNzOpamKpJPRrDtZ8RPA,Matthew Davis
UCTQbMDPWam5co8ve0Xy4Kbw,MISHAF MOMEN
UCzDlrA4otaywASwisNj3Mzg,ßärbie M
UC44M6pEm_sYNpGCWGw3yY0g,Lidia Favara
UCNvIlSe9CKfXQz3QRxhEtLg,Joel Armstrong
UCJ-dJjGMkX8TkAaFM0ZkUfg,Nikhil Steve
UCAocE162oFzJ_lNRjKRKtbA,The Script Road to the Philippines
UCIgZ5UJmJ0Zn9MWQl0SxnhQ,Timothy Denis
UC7oadtfjI6k__s6E1UYTR8g,Johnathan Richardson
UCHeZ_fLj2iVBLFxeZhW-BHg,Rosary Gatchalian
UCyD-qiZGkk4QjTViSgHjZ4w,Ulisses Oliveira
UCY0dBQwlkzAdRS3aKKdZUVw,Tu Labanan
UC0TFPYyjbWjKMPYAesP4qQA,ninja shadow
UCDFcbpqASpEvo47eXuZlhFA,Rexhep Ferati
UCMPPkWo03WvQxvQKfJyotvQ,Leshego Lerutla
UClSjuDkC7oUSlLpLJRPVkvA,genadijs murans
UCw-QimfHx-u8tykuFPrsMUA,TUAN TRAN SY
UC9wWtLO2kZ5RhWv8Jo2kayQ,4chonVidya
UCAu5ZsDZfH7cFDVr7nzMC3Q,Jaekwon Lee
UC0Cug_3IUErcUUmJrLC0V2w,Cailean Mcleish
UC42y4-AtPIHdgJ1m1hVlupA,Vintagehorizonsss Tv
UCkKqXqjnmOhLAqOF0NMwceA,megumi motion
UCl8sS7INWo0FuZZ702aH8Dw,Samuel Grainge
UCLUroaqBizsZ266sVsJvLkQ,I Badass
UCBtezpVU3SEppLcYYnV-LvQ,diamond banks
UC5vbJ5ZOfGKaAYysUvGiWPw,Tara McDonnell
UCCtrwW93nYMOGdYcMqPcsgA,Jessie Rose
UCqM9yp1rKVnX-UsCPjrtKow,Lavan Nithi
UCQYsU22X6ejC00DtIlP-6VA,Daneira Springer
UCmvloq6pylyWEa7kYx3NnkQ,Isidro Guardia
UC47sIAFnEleh9__HOKioc1Q,Chad Heidema
UCIRZ3PQyPVMtr_EApVo7RjQ,SalmonSavior3750
UCJ5wblLoFrBujy0urP3QA8A,Skylar Fray
UCoBWRukkR5ISzqjZXnsCIfw,Lynn T
UC1dlU6sGPDxSldaKL7zPQYw,iwantme1234
UCnPlsl46eBDfnPB7uzKHPOQ,Bárbara Caroline
UC4HbN5trZbPCHdB3XxdrNmQ,fashlite
UCFvQcsebQBt5qmcfouQkboA,olitography
UCa2tnG7IsOWcrSspysvWdiQ,Chantel Wensley
UCph6pJ_QV_9yapgxZ_c-CPg,BrokeredHeart
UCmODyJ8a-qVlcZCEY0vvAPQ,Pippa Hooper
UC2CFV287izUx5WTyPXwFW7Q,Leslly Asitimbay
UC9DIf1Gn17F9fx1LzLavr-w,MROCZZKO
UC4eQLfZhP2Ucc_kC4miwVVQ,Vlogstafy
UCJW6BpNshZlD4qwRBp_60Ew,Alexandra Fernandes
UCyBC7cT50G0nLKEkcKDaEuw,Ana María Carrión
UCVLrOXTaRC6B58lrl4HDEmw,MrBlue
UCPGwMjJSO7TcDm5FLzc664Q,Sanjay Shr
UCgLZ2st4pVsTUUxiS4KYfwg,C CLAUDINE
UCOf8nkCQGlP-Hd_g0MyEX1g,Koot-houmi Kufunzuka
UCHVzwlAwTbvK59h3eNFJfKA,Canal Music
UCH9xX1JJ8NYbsuFMGt6m-4A,Prince Izhaar
UCZXcvlOOXDoNCOG8JQxNUkg,Christopher Merlot
UCstPtb-6uHyKlgX-SLjR_0g,boni04hari08
UCMXin3Yx6NtyZWwDg9gy03A,Shyane Plays
UC1zVGcxoW9AemGTLtcEzsBQ,Lukman Nur Prasetyo
UClxVTuUC0nYFRLbOvZ3z9aA,FGM666MGF
UCp62nATche1nxiz9OdZjKDw,Firas Kubba
UCVjYhiFUBf40YZCJpSN7w1g,polina kojvula
UCcFwmiB-MMrjZtTnPEEqvlQ,David Robinson
UCUExN21TSljbsQl5CFhGD-w,fahm salm
UCwGnekVRrBCmNuLVuddHDVQ,DEMETRIOS
UCrj7SGPdZNUbZSZmBeXFoWQ,choRo Guitar
UC23R6sypHDcKV3roEwiWRUA,Zylane Feh
UCNOmdr8fawVloIcykq4GFTg,free2beme20071
UCXT9-Qj8KpyecOo2ER08A5w,michelle hogg
UC2J4SyALkbCFi5p9TTpkpBg,WingedHeart151
UCy3hNFJlTuWG_zErvxbVCiw,Michaela Richter
UCszsSHVsmhJ6a1c_MAYKtSA,Alex Trejo
UCjyHkMUCaPozX3QjnxMLmJg,Maryka Zhimo
UCs3SxIjrv4JS4Qg050nPcug,Perouf62
UCQWpWMjdnfI3OznySBKo1og,Karl Calumpang
UCgjI4dWQ0-6iILtqUOBxxMQ,Evie Clarke
UCnyYtMLHKFsfbJJwk8m3Hiw,Daniella O
UCqjXr8X-194UlMY-DRMrVeg,verca
UCV1l0sxYzReRFK1_EjyzXew,Filip Postenik
UCqj86HIqFcyL-cNoxw1zw6w,sara k
UCYp5WlB7vh1CiQ6eRlTxbZA,Alma Sue
UC2GJNs3z5mK09iL1Y_q2rpQ,Pasta Qahl
UC24FmljYh8cyqfyfk6Fxv4g,Lan Country Music
UCXRKM0erNjfYnWAmzGqOTow,I want to break free
UCife6c7qjldZWLm8SI_SV7A,Aylin Morelos
UC5mPvRuinodKZ2GXomvxtjQ,Alonso Treto
UCvrLxdborIovq4KtRhxTTPw,ThePointman45
UCGT5oPfVyfA3cTqvghdi3dQ,Alejandro Hernandes
UCPpCRNo6mkI85KUTkaSipDw,joshua white
UCFXDIcYR4AMgGoc37ZGCCxg,Lucas Braga
UCWO0RuR4_rc18YmpKZtzPog,Awesome Godzilla
UCaIYMecRJlMuqFcJeitdMvQ,Kaykay _927
UCuRSkbq16ZvSrleD1j65sSQ,Phcool23
UC7BIARH2QDV2W_u3ShnJbRg,Gianna Konstantinou
UCO8Yx5f73K4EUxuvWRbqRWg,Miyuki Rin
UCxspa59vjfgU9z8WcQbQS_g,bub 213
UCKVuVMBXNTONniLu9MPJL1Q,Team Remy
UCYVdQHDa9opnDcufohgMlqQ,SarH Mendes
UCw7HSMR-5TxpUPxeX8lPVdg,zain aliraqi
UC0VH1TC7rubLI66E4nkWmOA,Sarmila Thefirst
UCuGEiAv2JEhJ2QD5HwRpoVg,Tay
UCXtlwiTg_DHdujlXYVBuYGw,Clare Smith
UCOPgYOem3YEE_O4hsveiXFw,Ash Chan
UC4axcPSydcIBHLVsxqH1ioQ,Stacy Rogers
UC_1VFUS3LnN9Y0vjSAoE4Jw,xXJordieBearXx
UCq-S_kxDCl28g_10mOlAoHg,GarrettG630WLAP
UC0kYea1kUoe2ozpVmwCy-CA,frijolegibbss Gee
UCcvI7t_tek77EFezAB8oa-A,Rubens Fernandes
UCO5-5v7cPZqKoxxSBkr8csg,Benn Burke
UCzNQ1kXvL78pUcmZINFuSjA,Abdulrahman Al Mulla
UCtRSCwoLrM1f_1_DncdIDFg,Mike Walton
UC6vvzg3JDqG85CxOR-qtD9g,Dominique Bertin
UCG_gcdWAsCEJZwpKQ2p1H3w,Gloria Ming
UCrdIz8RXW6uuoV50S9D8nIA,lee noone
UCRhxNemHQwE62p-2UTsWeuw,anthony gonzalez
UCyihVSYqV-Z7w1Y_75q_ezw,Autumn Falls
UCk60lbw2GENfg__ridPdwLg,Kadeem Anderson
UCrqDmjt6VSY96P-oD3Zg_kw,지상원
UCnKlbojXJsx5QAPiBdHpiTg,DinoRap Boss2000
UC8yP8obQT9tDPVkxmScr9jQ,ettawhy
UCQvfHi0qwBTZ9tqZOyM-gzA,etru6
UCaG4FxOR7vZCw1lVFFa68Lg,Ora Williams
UCwpis7HJk4LXUiEvmwcpBBw,caroline gitonga
UCD6GpDF78xQ7LvANDcZKYig,Herniz
UCglkPOMPGfmSyK30OHwuqkg,Rocio Gonzalez
UCdMv17ttwAIolBFm2iy5vPg,Олег
UCd0zC4EQCd7K-K5DiRpDDwQ,Petra Rönnholm
UC0TY8FDxfv5jyP77SKyOV4A,Panda
UCzvI2mxhKVBTOHSulmL5Fvg,CRE Alchy
UCRz6PTzfF_jvfBu9ukAd7ZQ,GORDOTRONIC
UCtIDE05Wnv3mHOm4DBkhhww,Poland Maps Aka Max tv
UC4U3m5A5ishVoQuwe3oHLKw,monte jones
UC7kn7LaQjLhUGzvQMv1oGBQ,justess martin
UCaPpaJ7dfZb2RpJRWgMyI8w,Maikel
UCOo7fxS2GTjafNmkGNstYZw,Aldo Fernandes Azevedo
UC3nPZS5b51Vnpg1eYCGM81Q,Dome5keez
UC9-D8mdHXeL__pM-qxRxWQg,Saloma Invitation
UCvDTwPnE7iE4l1KYgJzSu3w,Purple Rain
UCT8xOucrswOaYdZg2VZmuCw,Pam Steeby
UCTqmbV3dqQwlME1XXGwT0Uw,xphantomx 7
UCpX8zaBXaHmgYA3rMWm4sFQ,djoscartj
UC9GCiUWBC3Nd0zOR451rX1Q,Shaun
UCmAdvGuKStGrpgD5mv3T7Xw,Gen Emmanuel
UCqVvrFWrm4rLGbCregM4Xaw,Jon Williams
UC7PC695OK39dh2dcUCySEqQ,Grace Bird
UCN6wKtzjwQnw_EyhMlvOwVg,ns90
UCCE-EsVppbA51QCIbsLR7ow,stanzah
UCnUkmRMwqj08Q0xjxvO02BQ,karen kendall
UC_9NT6zJHUp_EoITf3SjJvQ,Nathan Farias
UCC_LNcHLtSfNiaJOZE7pFCw,Alexis Podas
UCXH-EgmsJCrs2U61rvolqIQ,Mark Bermingham
UC2OdkqLotxCiommHC2XwOvg,ammar shady
UC0a5u6u0lu_Q6tU4Kex4oBQ,WΔVΣS ŦU
UCrYNpNMnGgXNpezPvxiKmNw,Connor Reviews
UCcOFrTq7EwfvIaKEYilESBg,michelle domenech
UCRqlsFBUBtTdlLjDDtHPE1A,MrPoopn8
UC6LdGtYoriiKTDvtoEGc1fA,maga inalov
UCykn1OK32Vw6jR_220X6Xvw,Francisco Marques
UChEskqqY9W-rp5q-8L63kEw,Camyra Hudson
UCJaVMYZ4K0OaXNKs_Rtvpbw,terka kališikova
UCLI27cOxWEZ_DTEHhqGaxaA,Daniel POURSAC
UCeOqmAIBTXRhXfCYXx3vPow,Detetive Turista Gamer!!!
UCyVLa8aoBxjs9uLT7vqzcWQ,Eleanor Ryan
UCu5XATdADuIHQ6HaWp2mWPw,2pie2mash
UCJtjLFIBjG3n0Kgz9PtwavQ,Adriana Olivares
UCHUZIWflYnaBsdTJhZ9Y-3w,Shlomy77
UCfg3XUHUspkZc5aH-69fwRg,Aledleww
UCcBb0-r8EiyPnu9pkA_GGsQ,Leopoldo Davalos Ayala
UCyPGp8F1iiSnse_e4T0T1IQ,Thomas Visser
UCIYlB4PbaxEriM5nqqknR7Q,Scarlet Is Antisocial
UC-jamWgHRQ6VCpVAX6UGkDQ,Virgo Siren
UC3iob67B3vnZI3L_D9fXr3w,arxsyn
UCFRtW-Z2m93N3Stnr08zRDA,Kiko Plays
UCbT0QfjtNUKnUEGkD0vJR8w,Paul Crowder
UC5m8LJ4ZL1-zJnjFXaKGu4A,Beauty Me
UCjc-GSXx8SusBek0ZZhuhiw,Gisel Gaaetua
UCUnO_MBjmnSvz_qZGeVCkNA,Mădălin Gabriel
UCpVO6sKpAliz-0Qn1soHIcg,Ishmael Simpson
UCJdvNSU8RwbKGDzd6JHeSBw,Ebony Bridle
UC5w-IJ-y_R8XXtCMrDHSzVg,Osagie Guobadia
UCE3nC8AqRj_Q4_hyb4tmgtQ,adriana
UCc-hqydDfbYVgRt_mt1ZT9g,exoticgames
UCpFKJMAXqCd9ykG8BkTw59g,Romana Strasheim
UCKrXB-FQcwCzBHF1s0NZY5w,leoncio garcia
UC5Q2ojLTCHmTjh4MwHiwRzw,Juan Gomes
UCPPm0nxK88cHRV1dLtInYxA,Yasin Boz
UCmva0GoCOewlJmBRim1OCcQ,aisling maher
UCPO3FQB_W8NVXcJuejoczhg,Sarena Abbasi
UCCTm3l7YdVw_Ekg0IpNzuBQ,lafxcraft
UCO_DkTC2u8Ulpm4IRMEu9xw,Juliett Rudenko
UCIpljba-_QqPQpWu1d-C-Mw,Adèle Kempeners
UClN3ffrgLuzU5XlItsJVczQ,Cynthia Ciro
UCuDg27AhcGVzihQQ7DUjnHw,celyncapo
UCue4gnY71AT0-Tx4VWTFdBQ,Sondhoo Steve
UCvgtDUwwzFQKuv_-yE7FYfg,Abby Shichman
UCcWY2hUq1jF2ZZqd-v3ORnw,Sasha Summers
UCZD-jatKCO6rEhfi01S4FCg,Terra Verita
UCqUYOkhN33PvtsOhaee77Ow,Luve Apostle
UCfP_srxqRsFL5Abs3ueJcag,Leo Almeida
UCsk6xpiSscIoqkTMz2qMcqg,Feodor Z
UCcU_c5CsMlUfS98MiyYYRbA,michele Crush
UCJlfZqJD1XwIXzc5L15LJAQ,MIMR YouTube
UCVooJhMCTJEgqhedXuFAoyA,JONASSOMFAN
UCy1Ymdlr-9_PB7F27mKUV_A,Andrea Lucero
UCfIW84SMKsb2X4AB1qL5w3Q,Lydia Manuel Music
UCLIoC04fzTwM_GLkIZ1teJw,jerome vandenhole
UCr7uUknq11SHyCM7tfPRyDA,Diamond Purdy
UCkNDvjFcxrsX1YrOdMsaN8A,Clovis Chan
UC6v3rKEOnrnMPAz-2tdJ-dw,Bru picachu
UCsfKXroYX2IiLN3gneygu_g,Maria Martin
UCjiodDgsd1u0zxwDzbmso2g,Rithelly Sivico
UCeSvBq_6eWO3fC5wn70RWdQ,Amit Bakshi
UCbQHVfM8KB_X_La-S8B3i1Q,EXTRAGURL33
UCwn9Olm3XJQAuR4WMcZiEpA,Jhaeyann Villademosa
UC1SZ1Y5no25EPbteFU7D4kg,Amy Lobato
UC4CVLV164SSr5mVuuMba4ng,taro vongole
UCT2EA3v5GJKPeI1_Y81I53Q,19morenita93
UC1MeDXI8kMhBD2KT9Wwgbsw,Szczepan Wołowski
UC97j4lkcfZJWGfz4XVA83_w,Berta axo
UCvlFq31Lu2SVzcoV5WB6Oow,James Do C. Rodrigues
UCZo5S23X7pVLlS615ewUe4Q,Samuel Oliveira
UC2eAeIZBu96MsvD48HNVzow,Nathan B
UCTrxmFSztWiPzcTEP6GxHMA,Day Varia
UCw8e2aNiKAx8SzG2qSZezNA,Mary Gill
UCEEF9RwixhjQ6xoA1HM9pCA,Hoang Nguyen